I_REGION,ID,C_NAME,LATITUDE,LONGITUDE
65,6523,СУВОРОВСЬКИЙ Р-Н М.ХЕРСОН,46.64009,32.61421
65,6524,М.ГОЛА ПРИСТАНЬ ХЕРСОНСЬКА ОБЛ.,46.52824,32.55908
68,6801,БІЛОГІРСЬКИЙ Р-Н ХМЕЛЬНИЦЬКА ОБЛ.,50.00068,26.41324
68,6802,ВІНЬКОВЕЦЬКИЙ Р-Н ХМЕЛЬНИЦЬКА ОБЛ.,49.03508,27.2319
68,6803,ВОЛОЧИСЬКИЙ Р-Н ХМЕЛЬНИЦЬКА ОБЛ.,49.5359,26.21049
68,6804,ГОРОДОЦЬКИЙ Р-Н ХМЕЛЬНИЦЬКА ОБЛ.,49.17136,26.56464
68,6805,ДЕРАЖНЯНСЬКИЙ Р-Н ХМЕЛЬНИЦЬКА ОБЛ.,49.28358,27.48168
68,6806,ДУНАЄВЕЦЬКИЙ Р-Н ХМЕЛЬНИЦЬКА ОБЛ.,48.88982,26.85627
68,6807,ІЗЯСЛАВСЬКИЙ Р-Н ХМЕЛЬНИЦЬКА ОБЛ.,50.12006,26.82033
68,6808,КАМ'ЯНЕЦЬ-ПОДІЛЬСЬКИЙ Р-Н ХМЕЛЬН.ОБЛ.,48.7611,26.3943
68,6809,КРАСИЛІВСЬКИЙ Р-Н ХМЕЛЬНИЦЬКА ОБЛ.Ю,49.65441,26.9759
68,6810,ЛЕТИЧІВСЬКИЙ Р-Н ХМЕЛЬНИЦЬКА ОБЛ.,49.38217,27.623
68,6811,НОВОУШИЦЬКИЙ Р-Н ХМЕЛЬНИЦЬКА ОБЛ.,48.83727,27.27508
68,6812,ПОЛОНСЬКИЙ Р-Н ХМЕЛЬНИЦЬКА ОБЛ.,50.12295,27.50827
68,6813,СТАРОКОСТЯНТИНІВСЬКИЙ Р-Н ХМЕЛЬН.ОБЛ.,49.75468,27.40229
68,6814,СТАРОСИНЯВСЬКИЙ Р-Н ХМЕЛЬН.ОБЛ.,49.59656,27.61314
68,6815,ТЕОФІПОЛЬСЬКИЙ Р-Н ХМЕЛЬНИЦЬК.ОБЛ,49.83581,26.41427
68,6816,ХМЕЛЬНИЦЬКИЙ Р-Н ХМЕЛЬНИЦЬКА ОБЛ.,49.41682,26.97434
68,6817,ЧЕМЕРОВЕЦЬКИЙ Р-Н ХМЕЛЬНИЦЬК.ОБЛ.,49.00965,26.34053
68,6818,ШЕПЕТІВСЬКИЙ Р-Н ХМЕЛЬНИЦЬКА ОБЛ.,50.17083,27.11973
68,6819,ЯРМОЛИНЕЦЬКИЙ Р-Н ХМЕЛЬНИЦЬКА ОБЛ.,49.19127,26.83542
68,6820,М.ХМЕЛЬНИЦЬКИЙ 1 ХМЕЛЬНИЦЬКА ОБЛ.,48.70588,26.57527
68,6821,М.КАМ'ЯНЕЦЬ-ПОДІЛЬСЬКИЙ  ХМЕЛЬН.ОБЛ.,48.7611,26.3943
68,6822,М.СЛАВУТА ХМЕЛЬНИЦЬКА ОБЛ.,50.29618,26.86559
68,6823,СЛАВУТСЬКИЙ Р-Н ХМЕЛЬНИЦЬКА ОБЛ.,50.35279,26.7017
68,6824,М.ШЕПЕТІВКА ХМЕЛЬНИЦЬКА ОБЛ.,50.17996,27.06513
68,6825,М.ХМЕЛЬНИЦЬКИЙ 2 ХМЕЛЬНИЦЬКА ОБЛ.,48.70589,26.57527
68,6826,М.НЕТІШИН ХМЕЛЬНИЦЬК.ОБЛ,50.34516,26.62148
68,6827,М.СТАРОКОСТЯНТИНІВ ХМЕЛЬНИЦЬКА ОБЛ.,49.75549,27.21232
71,7101,ПРИДНІПРОВСЬКИЙ Р-Н М.ЧЕРКАСИ,49.50027,32.38607
71,7102,СОСНІВСЬКИЙ Р-Н М.ЧЕРКАСИ,49.44069,32.06368
71,7103,М.КАНІВ ЧЕРКАСЬКА ОБЛ.,49.75083,31.46942
71,7104,М.СМІЛА ЧЕРКАСЬКА ОБЛ.,49.23332,31.88211
71,7105,М.УМАНЬ ЧЕРКАСЬКА ОБЛ.,48.75055,30.22463
71,7106,ГОРОДИЩЕНСЬКИЙ Р-Н ЧЕРКАСЬКА ОБЛ,49.2836,31.44309
71,7107,ДРАБІВСЬКИЙ Р-Н ЧЕРКАСЬКА ОБЛ.,49.96188,32.15162
71,7108,ЖАШКІВСЬКИЙ Р-Н ЧЕРКАСЬКА ОБЛ.,49.24787,30.10121
71,7109,ЗВЕНИГОРОДСЬКИЙ Р-Н ЧЕРКАСЬКА ОБЛ.,49.01615,31.06199
71,7110,ЗОЛОТОНІСЬКИЙ Р-Н ЧЕРКАСЬКА ОБЛ.,49.661,32.06344
71,7111,КОРСУНЬ-ШЕВЧЕНКІВСЬКИЙ Р-Н ЧЕРКАС.ОБЛ.,49.42149,31.26194
71,7112,КАНІВСЬКИЙ Р-Н ЧЕРКАСЬКА ОБЛ.,49.75083,31.46942
71,7113,КАМ'ЯНСЬКИЙ Р-Н ЧЕРКАСЬКА ОБЛ.,49.03004,32.10374
71,7114,КАТЕРИНОПІЛЬСЬКИЙ Р-Н ЧЕРКАСЬКА ОБЛ.,48.94549,30.97148
71,7115,ЛИСЯНСЬКИЙ Р-Н ЧЕРКАСЬКА ОБЛ.,49.25109,30.82844
71,7116,МАНЬКІВСЬКИЙ Р-Н ЧЕРКАСЬКА ОБЛ.,48.963,30.33372
71,7117,МОНАСТЕРИЩЕНСЬКИЙ Р-Н ЧЕРКАС.ОБЛ.,48.99546,29.80764
71,7118,СМІЛЯНСЬКИЙ Р-Н ЧЕРКАСЬКА ОБЛ.,49.22826,31.8462
71,7119,ТАЛЬНІВСЬКИЙ Р-Н ЧЕРКАСЬКА ОБЛ.,48.88895,30.69601
71,7120,УМАНСЬКИЙ Р-Н ЧЕРКАСЬКА ОБЛ.,48.70069,30.44836
71,7121,ХРИСТИНІВСЬКИЙ Р-Н ЧЕРКАСЬКА ОБЛ.,48.81327,29.9806
71,7122,ЧЕРКАСЬКИЙ Р-Н ЧЕРКАСЬКА ОБЛ.,49.37315,32.15996
71,7123,ЧОРНОБАЇВСЬКИЙ Р-Н ЧЕРКАСЬКА ОБЛ.,49.67402,32.31653
71,7124,ЧИГИРИНСЬКИЙ Р-Н ЧЕРКАСЬКА ОБЛ.,49.07979,32.66166
71,7125,ШПОЛЯНСЬКИЙ Р-Н ЧЕРКАСЬКА ОБЛ.,49013,31.39152
71,7126,М.ВАТУТІНЕ ЧЕРКАСЬКА ОБЛ.,49.01224,31.04601
71,7127,М.ЗОЛОТОНОША ЧЕРКАСЬКА ОБЛ.,49.66828,32.04345
74,7402,РІПКИНСЬКИЙ Р-Н ЧЕРНІГІВСЬКА ОБЛ.,51.79902,31.08987
74,7403,КОРЮКІВСЬКИЙ Р-Н ЧЕРНІГІВСЬКА ОБЛ.,51774,32.25809
74,7404,ГОРОДНЯНСЬКИЙ Р-Н ЧЕРНІГІВСЬКА ОБЛ.,51.89343,31.60425
74,7405,НОВГОРОД-СІВЕРСЬКИЙ Р-Н ЧЕРНІГІВ.ОБЛ.,52.00995,33.26602
74,7406,БАХМАЦЬКИЙ Р-Н ЧЕРНІГІВСЬКА ОБЛ.,51.14793,32.89391
74,7407,БОРЗНЯНСЬКИЙ Р-Н ЧЕРНІГІВСЬКА ОБЛ.,51.25499,32.43069
74,7408,ЩОРСЬКИЙ Р-Н ЧЕРНІГІВСЬКА ОБЛ.,51.81092,31.95217
74,7409,НОСІВСЬКИЙ Р-Н ЧЕРНІГІВСЬКА ОБЛ.,50.93639,31.5662
74,7410,БОБРОВИЦЬКИЙ Р-Н ЧЕРНІГІВСЬКА ОБЛ.,50.74155,31.38365
74,7411,КОЗЕЛЕЦЬКИЙ Р-Н ЧЕРНІГІВСЬКА ОБЛ.,50.91245,31.10911
74,7412,НІЖИНСЬКИЙ Р-Н ЧЕРНІГІВСЬКА ОБЛ.,51.04615,31.88046
74,7413,ПРИЛУЦЬКИЙ Р-Н ЧЕРНІГІВСЬКА ОБЛ.,50.57153,32.16934
74,7414,ІЧНЯНСЬКИЙ Р-Н ЧЕРНІГІВСЬКА ОБЛ.,50.85727,32.39978
74,7415,СРІБНЯНСЬКИЙ Р-Н ЧЕРНІГІВСЬКА ОБЛ.,50.66218,32.91636
74,7416,КОРОПСЬКИЙ Р-Н ЧЕРНІГІВСЬКА ОБЛ.,51.56938,32.95858
74,7417,КУЛИКІВСЬКИЙ Р-Н ЧЕРНІГІВСЬКА ОБЛ.,51.37373,31.64584
74,7418,МЕНСЬКИЙ Р-Н ЧЕРНІГІВСЬКА ОБЛ.,51.52151,32.21439
74,7419,ТАЛАЛАЇВСЬКИЙ Р-Н ЧЕРНІГІВСЬКА ОБЛ.,50.83314,33.13399
74,7420,ВАРВИНСЬКИЙ Р-Н ЧЕРНІГІВСЬКА ОБЛ.,50.49085,32.72727
74,7421,ЧЕРНІГІВСЬКИЙ Р-Н ЧЕРНІГІВСЬКА ОБЛ.,51.4509,31.09589
74,7422,СЕМЕНІВСЬКИЙ Р-Н ЧЕРНІГІВСЬКА ОБЛ.,52.17203,32.59275
74,7423,ДЕСНЯНСЬКИЙ Р-Н М.ЧЕРНІГІВ,51.48549,31.30773
74,7424,СОСНИЦЬКИЙ Р-Н ЧЕРНІГІВСЬКА ОБЛ.,51.52357,32.48885
74,7425,М.ПРИЛУКИ ЧЕРНІГІВСЬКА ОБЛ.,50.5841,32.39564
74,7426,НОВОЗАВОДСЬКИЙ Р-Н М.ЧЕРНІГІВ,51.4937,31.29441
74,7427,М.НІЖИН ЧЕРНІГІВСЬКА ОБЛ.,51.04748,31.87977
74,7428,М.НОВГОРОД-СІВЕРСЬКИЙ ЧЕРНІГІВ.ОБЛ,52.00995,33.26602
77,7701,ХОТИНСЬКИЙ Р-Н ЧЕРНІВЕЦЬКА ОБЛ.,48.49527,26.474
77,7702,СОКИРЯНСЬКИЙ Р-Н ЧЕРНІВЕЦЬКА ОБЛ.,48.45154,27.40943
77,7703,М.НОВОДНІСТРОВСЬК ЧЕРНІВЕЦЬКА ОБЛ.,48.58342,27.43844
77,7704,ПУТИЛЬСЬКИЙ Р-Н ЧЕРНІВЕЦЬКА ОБЛ.,47.98712,25.09063
77,7705,ГЛИБОЦЬКИЙ Р-Н ЧЕРНІВЕЦЬКА ОБЛ.,48.08781,25.92841
77,7706,КЕЛЬМЕНЕЦЬКИЙ Р-Н ЧЕРНІВЕЦЬКА ОБЛ.,48.46366,26.83516
77,7707,ЗАСТАВНІВСЬКИЙ Р-Н ЧЕРНІВЕЦЬКА ОБЛ.,48.52205,25.84642
77,7708,НОВОСЕЛИЦЬКИЙ Р-Н ЧЕРНІВЕЦЬКА ОБЛ.,48.22598,26.26972
77,7709,ВИЖНИЦЬКИЙ Р-Н ЧЕРНІВЕЦЬКА ОБЛ.,48.28224,25.89569
77,7713,КІЦМАНСЬКИЙ Р-Н ЧЕРНІВЕЦЬКА ОБЛ.,48.4422,25.76081
77,7715,ГЕРЦАЇВСЬКИЙ Р-Н ЧЕРНІВЕЦЬКА ОБЛ.,48.11138,26.21667
77,7716,СТОРОЖИНЕЦЬКИЙ Р-Н ЧЕРНІВЕЦЬКА ОБЛ.,48.16055,25.72139
77,7724,САДГІРСЬКИЙ Р-Н М.ЧЕРНІВЦІ,48.2818,25.9119
77,7725,ПЕРШОТРАВНЕВИЙ Р-Н М.ЧЕРНІВЦІ,48.08235,25.92904
77,7726,ШЕВЧЕНКІВСЬКИЙ Р-Н М.ЧЕРНІВЦІ,48.29246,25.93555
5,501,КОЗЯТИНСЬКИЙ РАЙОН ВІННИЦЬКА ОБЛ.,49.77482,28.72445
5,502, ХМІЛЬНИЦЬКИЙ РАЙОН ВІННИЦЬКА ОБЛ.,49.55901,27.95607
5,503,НЕМИРІВСЬКИЙ РАЙОН ВІННИЦЬКА ОБЛ.,48.97175,28.83042
5,504,ГАЙСИНСЬКИЙ РАЙОН ВІННИЦЬКА ОБЛ.,48.81276,29.37855
5,505,ТИВРІВСЬКИЙ РАЙОН ВІННИЦЬКА ОБЛ.,49.01531,28.48976
5,506,ВІННИЦЬКИЙ РАЙОН ВІННИЦЬКА ОБЛ.,49.10499,28.70381
5,507,ЛІТИНСЬКИЙ РАЙОН ВІННИЦЬКА ОБЛ.,49.32523,28.09021
5,508,КАЛИНІВСЬКИЙ РАЙОН ВІННИЦЬКА ОБЛ.,49.46165,28.51579
5,509,М.ВІННИЦЯ (ПРАВОБЕРЕЖНЕ),48.72976,34.19993
5,510,ТЕПЛИЦЬКИЙ РАЙОН ВІННИЦЬКА ОБЛ.,48.61632,29.47343
5,511,БЕРШАДСЬКИЙ РАЙОН ВІННИЦЬКА ОБЛ.,48.36283,29.51203
5,512,КРИЖОПІЛЬСЬКИЙ РАЙОН ВІННИЦЬКА ОБЛ.,48.3856,28.86099
5,513,БАРСЬКИЙ РАЙОН ВІННИЦЬКА ОБЛ.,48.90083,27.83182
5,514,ЖМЕРИНСЬКИЙ РАЙОН ВІННИЦЬКА ОБЛ.,49.0346,28.11515
5,515,МУРОВАНОКУРИЛОВЕЦЬКИЙ Р-Н ВІН. ОБЛ,48.71698,27.53228
5,516,М.МОГИЛІВ-ПОДІЛЬСЬКИЙ ВІННИЦЬКА ОБЛ,48.61412,27.78835
5,517,ПІЩАНСЬКИЙ РАЙОН ВІННИЦЬКА ОБЛ.,48.20873,28.88579
5,518,ПОГРЕБИЩЕНСЬКИЙ РАЙОН ВІННИЦЬКА ОБЛ,49.48708,29.25542
5,519,ІЛЛІНЕЦЬКИЙ РАЙОН ВІННИЦЬКА ОБЛ.,49.11072,29.20628
5,520,ТРОСТЯНЕЦЬКИЙ РАЙОН ВІННИЦЬКА ОБЛ.,48.51365,29.21563
5,521,ТОМАШПІЛЬСЬКИЙ РАЙОН ВІННИЦЬКА ОБЛ.,48.53373,28.5082
5,522,ТУЛЬЧИНСЬКИЙ РАЙОН ВІННИЦЬКА ОБЛ.,48.67375,28.84733
5,523,ЛИПОВЕЦЬКИЙ РАЙОН ВІННИЦЬКА ОБЛ.,49.34031,28.71781
5,524,ЧЕЧЕЛЬНИЦЬКИЙ РАЙОН ВІННИЦЬКА ОБЛ.,48.21562,29.3644
5,525,ШАРГОРОДСЬКИЙ РАЙОН ВІННИЦЬКА ОБЛ.,48.76304,28.07295
5,526,ЯМПІЛЬСЬКИЙ РАЙОН ВІННИЦЬКА ОБЛ.,48.24051,28.27927
5,527,М.ЖМЕРИНКА ВІННИЦЬКА ОБЛ.,49.01153,28.10028
5,529,М.ВІННИЦЯ (ЛІВОБЕРЕЖНЕ),49.23356,28.44861
5,531,ОРАТІВСЬКИЙ РАЙОН ВІННИЦЬКА ОБЛ.,49.34066,29.34171
5,532,М.ХМІЛЬНИК ВІННИЦЬКА ОБЛ.,49.55901,27.95607
5,533,МОГИЛІВ-ПОДІЛЬСЬКИЙ РАЙОН ВІННИЦЬКА ОБЛ.,48.61412,27.78835
5,534,ЧЕРНІВЕЦЬКИЙ РАЙОН ВІННИЦЬКА ОБЛ.,48.54439,28.09761
5,535,М.ЛАДИЖИН ВІННИЦЬКА ОБЛ.,48.68421,29.23544
5,540,М.КОЗЯТИН ВІННИЦЬКА ОБЛ.,49.71717,28.83937
7,706,КОВЕЛЬСЬКИЙ Р-Н ВОЛИНСЬКА  ОБЛ.,51.21877,24.72027
7,708,ЛЮБЕШІВСЬКИЙ Р-Н ВОЛИНСЬКА ОБЛ.,51.66174,25.57664
7,712,РАТНІВСЬКИЙ Р-Н ВОЛИНСЬКА ОБЛ.,51.63362,24.25076
7,719,ЛЮБОМЛЬСЬКИЙ Р-Н ВОЛИНСЬКА ОБЛ.,51.22733,24.03627
7,720,ШАЦЬКИЙ Р-Н ВОЛИНСЬКА ОБЛ.,51.48524,23.92134
7,741,СТАРОВИЖІВСЬКИЙ Р-Н ВОЛИНСЬКА ОБЛ.,51.47125,24.21246
7,747,РОЖИЩЕНСЬКИЙ Р-Н ВОЛИНСЬКА ОБЛ.,50.91496,25.27014
7,751,М.НОВОВОЛИНСЬК ВОЛИНСЬКА ОБЛ.,50.72246,24.15581
7,752,КІВЕРЦІВСЬКИЙ Р-Н ВОЛИНСЬКА ОБЛ.,50.83502,25.46917
7,754,КАМІНЬ-КАШИРСЬКИЙ Р-Н ВОЛИНСЬКА ОБЛ.,51.62326,24.96318
7,755,М.КОВЕЛЬ ВОЛИНСЬКА ОБЛ.,51.22043,24.71578
7,756,ГОРОХІВСЬКИЙ Р-Н ВОЛИНСЬКА ОБЛ.,50.50245,24.75968
7,757,ВОЛОДИМИР-ВОЛИНСЬКИЙ Р-Н ВОЛ.ОБЛ.,50.85538,24.32575
7,758,М.ВОЛОДИМИР-ВОЛИНСЬКИЙ Р-Н ВОЛ.ОБЛ.,50.85538,24.32575
7,759,ТУРІЙСЬКИЙ Р-Н ВОЛИНСЬКА ОБЛ.,51.08215,24.52843
7,760,МАНЕВИЦЬКИЙ Р-Н ВОЛИНСЬКА ОБЛ.,51.2884,25.52181
7,761,ЛОКАЧИНСЬКИЙ Р-Н ВОЛИНСЬКА ОБЛ.,50.73814,24.64857
7,762,ЛУЦЬКИЙ Р-Н ВОЛИНСЬКА ОБЛ.,50.75833,25.30699
7,763,ІВАНИЧІВСЬКИЙ Р-Н ВОЛИНСЬКА ОБЛ,50.63698,24.36186
7,764,М.ЛУЦЬК ВОЛИНСЬКА ОБЛ.,50.7469,25.32628
9,901,ЛЕНІНСЬКИЙ Р-Н М.ЛУГАНСЬК,48.55259,39.29512
9,902,АРТЕМІВСЬКИЙ Р-Н М.ЛУГАНСЬК,48.60998,39.36984
9,903,КАМ'ЯНОБРОДСЬКИЙ Р-Н  М.ЛУГАНСЬК,48.56724,39.29084
9,904,ЖОВТНЕВИЙ Р-Н М.ЛУГАНСЬК,48.57796,39.33398
9,905,СТАНИЧНО-ЛУГАНСЬКИЙ Р-Н ЛУГ.ОБЛ.,49.02621,39.4831
9,906,СЛОВ'ЯНОСЕРБСЬКИЙ Р-Н ЛУГАН.ОБЛ.,48.6946,38.98236
9,907,ЛУТУГИНСЬКИЙ Р-Н ЛУГАНСЬКА ОБЛ.,48.40294,39.21457
9,908,М.АНТРАЦИТ ЛУГАНСЬКА ОБЛ.,48.11708,39.08661
9,909,АНТРАЦИТІВСЬКИЙ Р-Н ЛУГАНСЬКА ОБЛ.,48.12167,38.91439
9,910,М.РОВЕНЬКИ ЛУГАНСЬКА ОБЛ.,48.08383,39.3585
9,911,М.КІРОВСЬК ЛУГАНСЬКА ОБЛ.,48.63768,38.63289
9,912,М.БРЯНКА ЛУГАНСЬКА ОБЛ.,48.5002,38.65512
9,913,М.АЛЧЕВСЬК ЛУГАНСЬКА ОБЛ.,48.48769,38.78057
9,914,М.КРАСНОДОН ЛУГАНСЬКА ОБЛ.,48.29164,39.7357
9,915,КРЕМІНСЬКИЙ Р-Н ЛУГАНСЬКА ОБЛ.,49.05212,38.23752
9,916,М.ПЕРВОМАЙСЬК ЛУГАНСЬКА ОБЛ.,48.63004,38.54377
9,917,М.РУБІЖНЕ ЛУГАНСЬКА ОБЛ.,49.0158,38.37326
9,918,М.СВЕРДЛОВСЬК ЛУГАНСЬКА ОБЛ.,48.07166,39.65208
9,919,М.СЄВЕРОДОНЕЦЬК ЛУГАНСЬКА ОБЛ.,48.94086,38.49349
9,920,БІЛОВОДСЬКИЙ Р-Н ЛУГАНСЬКА ОБЛ.,49.21112,39.57964
9,921,БІЛОКУРАКИНСЬКИЙ Р-Н ЛУГАНСЬКА ОБЛ.,49.53462,38.72957
9,922,КРАСНОДОНСЬКИЙ Р-Н ЛУГАНСЬКА ОБЛ.,48.4936,39.50161
9,923,ПОПАСНЯНСЬКИЙ Р-Н ЛУГАНСЬКА ОБЛ.,48.63575,38.38236
9,924,М.ЛИСИЧАНСЬК ЛУГАНСЬКА ОБЛ.,48.89775,38.44967
9,925,МАРКІВСЬКИЙ Р-Н ЛУГАНСЬКА ОБЛ.,49.50142,39.80934
9,926,МІЛОВСЬКИЙ Р-Н ЛУГАНСЬКА ОБЛ.,49.37898,40.13768
9,927,НОВОАЙДАРСЬКИЙ Р-Н ЛУГАНСЬКА ОБЛ.,48.96293,39.01736
9,928,НОВОПСКОВСЬКИЙ Р-Н ЛУГАНСЬКА ОБЛ.,49.54137,39.09823
9,929,ПЕРЕВАЛЬСЬКИЙ Р-Н ЛУГАНСЬКА ОБЛ.,48.437,38.8078
9,930,СВАТІВСЬКИЙ Р-Н ЛУГАНСЬКА ОБЛ.,49.41172,38.14786
9,933,М.СТАХАНОВ ЛУГАНСЬКА ОБЛ.,48.56306,38.64199
9,934,СТАРОБІЛЬСЬКИЙ Р-Н ЛУГАНСЬКА ОБЛ.,49.27462,38.89941
9,935,ТРОЇЦЬКИЙ Р-Н ЛУГАНСЬКА ОБЛ.,49.91106,38.29811
9,950,М.КРАСНИЙ  ЛУЧ  ЛУГАНСЬКА ОБЛ.,48.12942,38.91933
12,1201,ЖОВТНЕВИЙ Р-Н М.ДНІПРОПЕТРОВСЬК,48.44963,34.77725
12,1202,КІРОВСЬКИЙ Р-Н М.ДНІПРОПЕТРОВСЬК,48.6089,35.1715
12,1203,КРАСНОГВАРДІЙСЬКИЙ Р-Н М.ДНІПРОПЕТР.,50.76861,38.46849
12,1204,ЛЕНІНСЬКИЙ Р-Н М.ДНІПРОПЕТРОВСЬК,47.7631,34.278
12,1205,АМУР-НИЖНЬОДНІПРОВСЬКИЙ Р-Н М.ДНІПРОПЕТР,50.22239,23.73748
12,1206,БАГЛІЙСЬКИЙ Р-Н М.ДНІПРОДЗЕР.ДНІП.ОБ.,48.77571,38.62855
12,1207,ДНІПРОВСЬКИЙ Р-Н М.ДНІПРОДЗЕР.ДНІП.ОБЛ.,48.77571,38.62855
12,1208,ЗАВОДСЬКИЙ Р-Н М.ДНІПРОДЗЕРЖ.ДНІПР.ОБЛ.,48.77571,38.62855
12,1209,ДЗЕРЖИНСЬКИЙ Р-Н М.КРИВИЙ РІГ ДНІПР.ОБЛ.,47.88311,33.30703
12,1210,ЖОВТНЕВИЙ Р-Н М.КРИВИЙ РІГ ДНІПР.ОБ.,46.42642,34.24824
12,1211,ЦЕНТРАЛЬНОМІСЬКИЙ Р-Н М.КРИВ.Р. ДНІПР..,46.42642,34.24824
12,1212,ІНГУЛЕЦЬКИЙ Р-Н М.КРИВИЙ Р.ДНІПР.ОБЛ.,48.28235,23.32853
12,1213,М.МАРГАНЕЦЬ ДНІПРОПЕТРОВСЬКА ОБЛ.,47.63278,34.62525
12,1214,М.НІКОПОЛЬ ДНІПРОПЕТРОВСЬКА ОБЛ.,47.56834,34.392
12,1215,М.НОВОМОСКОВСЬК ДНІПРОПЕТР.ОБЛ.,48.63639,35.24724
12,1216,М.ПАВЛОГРАД ДНІПРОПЕТРОВСЬКА ОБЛ.,48.52345,35.86858
12,1217,М.ЖОВТІ ВОДИ ДНІПРОПЕТР.ОБЛ.,48.34544,33.49723
12,1218,М.ОРЖОНІКІДЗЕ ДНІПРОПЕТРОВ.ОБЛ.,47.65457,34.10835
12,1219,ВАСИЛЬКІВСЬКИЙ Р-Н ДНІПРОПЕТР.ОБЛ.,48.21383,36.00535
12,1220,ВЕРХНЬОДНІПРОВСЬКИЙ Р-Н ДНІПР.ОБЛ,49.28358,27.48168
12,1221,АПОСТОЛІВСЬКИЙ Р-Н ДНІПРОПЕТР.ОБЛ.,47.66038,33.71323
12,1222,КРИНИЧАНСЬКИЙ Р-Н ДНІПРПЕТР.ОБЛ.,48.36926,34.45868
12,1223,МАГДАЛИНІВСЬКИЙ Р-Н ДНІПРОПЕТР.ОБЛ.,48.92112,34.91313
12,1224,МЕЖІВСЬКИЙ Р-Н ДНІПРОПЕТР.ОБЛ.,48.2576,36.72621
12,1225,ПАВЛОГРАДСЬКИЙ Р-Н ДНІПРОПЕТР.ОБЛ.,48.52285,35.87496
12,1226,НОВОМОСКОВСЬКИЙ Р-Н ДНІПРОПЕТРОВ.ОБЛ.,48.48976,35.07185
12,1227,НІКОПОЛЬСЬКИЙ Р-Н ДНІПРОПЕТР.ОБЛ.,47.56766,34.3922
12,1228,ПЕТРОПАВЛІВСЬКИЙ Р-Н ДНІПРОПЕТР.ОБЛ.,48.45742,36.42369
12,1229,ПОКРОВСЬКИЙ Р-Н ДНІПРОПЕТР.ОБЛ.,48.08151,36.41291
12,1230,П'ЯТИХАЦЬКИЙ Р-Н ДНІПРОПЕТР.ОБЛ.,48.41277,33.70709
12,1231,М.СИНЕЛЬНИКОВЕ ДНІПРОПЕТР.ОБЛ.,48.33964,35.51185
12,1232,СОЛОНЯНСЬКИЙ Р-Н ДНІПРОПЕТР.ОБЛ.,48.20757,34.87681
12,1233,СОФІЇВСЬКИЙ Р-Н ДНІПРОПЕТР.ОБЛ.,48.08737,33.91812
12,1234,ТОМАКІВСЬКИЙ Р-Н ДНІПРОПЕТР.ОБЛ.,47.80406,34.75018
12,1235,ЦАРИЧАНСЬКИЙ Р-Н ДНІПРОПЕТР.ОБЛ.,48.94466,34.49209
12,1236,ШИРОКІВСЬКИЙ Р-Н ДНІПРОПЕТР.ОБЛ.,47.68614,33.2646
12,1237,КРИВОРІЗЬКИЙ Р-Н ДНІПРОПЕТР.ОБЛ.,48.0598,33.28132
12,1238,ДНІПРОПЕТРОВСЬКИЙ Р-Н ДНІПРОПЕТР.ОБЛ.,48.36496,34.68115
12,1239,ІНДУСТРІАЛЬНИЙ Р-Н М.ДНІПРОПЕТРОВ.,47.96798,33.4695
12,1240,ТЕРНОВСЬКИЙ Р-Н М.КР.РІГ ДНІПРОПЕТР.ОБЛ,49.28358,27.48168
12,1241,БАБУШКІНСЬКИЙ Р-Н М.ДНІПРОПЕТРОВСЬК,48.47527,35.01603
12,1242,САКСАГАНСЬКИЙ Р-Н М.КР.РІГ ДНІПР.ОБЛ.,49.28358,27.48168
12,1243,САМАРСЬКИЙ Р-Н М.ДНІПРОПЕТРОВСЬК,48.45281,35.12517
12,1244,М.ВІЛЬНОГІРСЬК ДНІПРОПЕТРОВСЬК.ОБЛ.,48.47845,34.01934
12,1245,ЮР'ЇВСЬКИЙ Р-Н ДНІПРОПЕТРОВСЬК.ОБЛ,48.73731,36.01382
12,1246,ПЕТРИКІВСЬКИЙ Р-Н ДНІПРОПЕТРОВ.ОБЛ,48.71603,34.62712
12,1247,М.ІНГУЛЕЦЬ ДНІПРОПЕТРОВСЬКА ОБЛ.,47.68428,33.15676
12,1248,М.ПЕРШОТРАВНЕВСЬК ДНІПРОПЕТ.ОБЛ.,47.7575,34.38251
12,1249,ДОЛГІНЦЕВСЬКИЙ Р-Н М.КР.РІГ ДНІПРОПЕТ.ОБ,48.27393,37.20396
12,1250,М.ТЕРНІВКА ДНІПРОПЕТРОВСЬКА ОБЛ.,48.51457,36.07506
12,1251,СИНЕЛЬНИКІВСЬКИЙ Р-Н ДНІПР.ОБЛ.,48.48763,35.13928
13,1301,М.БОРИСЛАВ ЛЬВІВСЬКА ОБЛ.,49.2871,23.4154
13,1302,М.ДРОГОБИЧ ЛЬВІВСЬКА ОБЛ.,49.31544,23.50535
13,1303,М.САМБІР ЛЬВІВСЬКА ОБЛ.,49.51824,23.20598
13,1304,М.СТРИЙ ЛЬВІВСЬКА ОБЛ.,49.2635,23.84045
13,1305,М.ЧЕРВОНОГРАД ЛЬВІВСЬКА ОБЛ.,50.38541,24.22743
13,1306,ЗАЛІЗНИЧНИЙ Р-Н М.ЛЬВІВ,49.95552,23.40601
13,1307,ГАЛИЦЬКИЙ Р-Н М.ЛЬВІВ,49.92353,24.60949
13,1308,ШЕВЧЕНКІВСЬКИЙ Р-Н М.ЛЬВІВ,49.92353,24.60949
13,1309,ЛИЧАКІВСЬКИЙ Р-Н М.ЛЬВІВ,49.92353,24.60949
13,1310,БРОДІВСЬКИЙ Р-Н ЛЬВІВСЬКА ОБЛ.,50.08926,25.14639
13,1311,БУСЬКИЙ Р-Н ЛЬВІВСЬКА ОБЛ.,49.95963,24.60758
13,1312,ГОРОДОЦЬКИЙ Р-Н ЛЬВІВСЬКА ОБЛ.,49.78628,23.65616
13,1313,ДРОГОБИЦЬКИЙ Р-Н ЛЬВІВСЬКА ОБЛ.,49.30425,23.27188
13,1314,ЖИДАЧІВСЬКИЙ Р-Н ЛЬВІВСЬКА ОБЛ.,49.38227,24.1457
13,1315,ЗОЛОЧІВСЬКИЙ Р-Н ЛЬВІВСЬКА ОБЛ.,49.80497,24.75362
13,1316,КАМ'ЯНКА-БУЗЬКИЙ Р-Н ЛЬВІВСЬКА ОБЛ.,50.09949,24.34398
13,1317,МИКОЛАЇВСЬКИЙ Р-Н ЛЬВІВСЬКА ОБЛ.,49.52777,23.97937
13,1318,МОСТИСЬКИЙ Р-Н ЛЬВІВСЬКА ОБЛ.,49.79315,23.14058
13,1319,ЖОВКІВСЬКИЙ Р-Н ЛЬВІВСЬКА ОБЛ.,50.05621,23.97286
13,1320,ПЕРЕМИШЛЯНСЬКИЙ Р-Н ЛЬВІВСЬКА ОБЛ.,49.67021,24.55684
13,1321,ПУСТОМИТІВСЬКИЙ Р-Н ЛЬВІВСЬКА ОБЛ.,49.71017,23.91095
13,1322,РАДЕХІВСЬКИЙ Р-Н ЛЬВІВСЬКА ОБЛ.,50.28873,24.6338
13,1323,САМБІРСЬКИЙ Р-Н ЛЬВІВСЬКА ОБЛ.,49.63396,23.31879
13,1324,СКОЛІВСЬКИЙ Р-Н ЛЬВІВСЬКА ОБЛ.,49.03909,23.51583
13,1325,СОКАЛЬСЬКИЙ Р-Н ЛЬВІВСЬКА ОБЛ.,50.47915,24.28642
13,1326,СТРИЙСЬКИЙ Р-Н ЛЬВІВСЬКА ОБЛ.,49.26896,23.8727
13,1327,СТАРОСАМБІРСЬКИЙ Р-Н ЛЬВІВСЬКА ОБЛ.,49.44378,23.00247
13,1328,ТУРКІВСЬКИЙ Р-Н ЛЬВІВСЬКА ОБЛ.,49.0386,22.97324
13,1329,ЯВОРІВСЬКИЙ Р-Н ЛЬВІВСЬКА ОБЛ.,49.94017,23.38178
13,1330,ФРАНКІВСЬКИЙ Р-Н М.ЛЬВІВ,49.0386,22.97324
13,1331,М.ТРУСКАВЕЦЬ ЛЬВІВСЬКА ОБЛ.,49.28071,23.50365
13,1332,М.СТЕБНИК ЛЬВІВСЬКА ОБЛ.,49.29706,23.55205
13,1333,СИХІВСЬКИЙ Р-Н М.ЛЬВІВ,49.0386,22.97324
13,1334,М.МОРШИН ЛЬВІВСЬКА ОБЛ.,49.15575,23.87037
13,1335,М.НОВИЙ РОЗДІЛ ЛЬВІВСЬКА ОБЛ.,49.46957,24.13212
14,1401,КАЛІНІНСЬКИЙ Р-Н М.ДОНЕЦЬК,48.00203,37.81449
14,1402,ЛЕНІНСЬКИЙ Р-Н М.ДОНЕЦЬК,47.98293,37.78021
14,1403,КУЙБИШЕВСЬКИЙ Р-Н М.ДОНЕЦЬК,48.00203,37.81449
14,1404,КІРОВСЬКИЙ Р-Н М.ДОНЕЦЬК,48.05771,38.50126
14,1405,ПРОЛЕТАРСЬКИЙ Р-Н М.ДОНЕЦЬК,48.31417,36.9211
14,1406,ПЕТРОВСЬКИЙ Р-Н М.ДОНЕЦЬК,48.05211,38.24338
14,1407,КИЇВСЬКИЙ Р-Н М.ДОНЕЦЬК,48.05232,37.77801
14,1408,ЦЕНТРАЛЬНОМІСЬКИЙ Р-Н М.ГОРЛІВКА ДОН.ОБ,48.34955,38.05177
14,1409,КАЛІНІНСЬКИЙ Р-Н М.ГОРЛІВКА ДОНЕЦ.ОБ,49.58781,36.57956
14,1410,МИКИТІВСЬКИЙ Р-Н М.ГОРЛІВКА ДОН.ОБЛ.,49.58781,36.57956
14,1411,ЖОВТНЕВИЙ Р-Н М.МАРІУПОЛЬ ДОН.ОБЛ.,49.58781,36.57956
14,1412,ІЛЛІЧІВСЬКИЙ Р-Н М.МАРІУПОЛЬ ДОН.ОБЛ,49.28358,27.48168
14,1413,ОРДЖОНІКІДЗЕНСЬКИЙ Р-Н М.МАРІУП. ДОН.,49.28358,27.48168
14,1414,ПРИМОРСЬКИЙ Р-Н М.МАРІУПОЛЬ ДОН.ОБЛ.,47.07805,37.52869
14,1415,ЦЕНТРАЛЬНОМІСЬКИЙ Р-Н М.МАКІЇВКА,48.04481,37.96611
14,1416,ЧЕРВОНОГВАРДІЙСЬКИЙ Р-Н М.МАКІЇВКА,48.05585,37.90982
14,1417,КІРОВСЬКИЙ Р-Н М.МАКІЇВКА ДОНЕЦ.ОБЛ.,50.66569,31.82761
14,1418,СОВЄТСЬКИЙ Р-Н М.МАКІЇВКА ДОНЕЦ.ОБЛ.,50.66569,31.82761
14,1419,М.АРТЕМІВСЬК ДОНЕЦЬКА ОБЛ.,48.5878,38.00396
14,1420,М.ДЕБАЛЬЦЕВЕ ДОНЕЦЬКА ОБЛ.,48.34122,38.40267
14,1421,М.ДЗЕРЖИНСЬК ДОНЕЦЬКА ОБЛ.,48.3934,37.86621
14,1422,М.ДОБРОПІЛЛЯ ДОНЕЦЬКА ОБЛ.,48.46171,37.08247
14,1423,М.ДРУЖКІВКА ДОНЕЦЬКА ОБЛ.,48.63048,37.54486
14,1424,М.ЄНАКІЄВЕ ДОНЕЦЬКА ОБЛ.,48.21669,38.2095
14,1425,М.КОСТЯНТИНІВКА ДОНЕЦЬКА ОБЛ.,48.52348,37.71233
14,1426,М.КРАМАТОРСЬК ДОНЕЦЬКА ОБЛ.,48.72458,37.56302
14,1427,М.КРАСНОАРМІЙСЬК ДОНЕЦЬКА ОБЛ.,48.28242,37.17776
14,1428,М.СЕЛИДОВЕ ДОНЕЦЬКА ОБЛ.,48.1501,37.30311
14,1429,М.СЛОВ'ЯНСЬК ДОНЕЦЬКА ОБЛ.,48.85331,37.60551
14,1430,М.СНІЖНЕ ДОНЕЦЬКА ОБЛ.,48.06425,38.76716
14,1431,М.ТОРЕЗ ДОНЕЦЬКА ОБЛ.,48.02546,38.67117
14,1432,М.ХАРЦИЗЬК ДОНЕЦЬКА ОБЛ.,48.0256,38.14206
14,1433,М.ШАХТАРСЬК ДОНЕЦЬКА ОБЛ.,48.05154,38.45732
14,1434,ОЛЕКСАНДРІВСЬКИЙ Р-Н ДОНЕЦЬКА ОБЛ.,48.70654,36.9052
14,1435,АМВРОСІЇВСЬКИЙ Р-Н ДОНЕЦЬКА ОБЛ.,47.79237,38.47053
14,1436,АРТЕМІВСЬКИЙ Р-Н ДОНЕЦЬКА ОБЛ.,48.58294,37.99707
14,1437,ВЕЛИКОНОВОСІЛКІВСЬКИЙ Р-Н ДОН.ОБЛ.,47.84129,36.83279
14,1438,ВОЛНОВАСЬКИЙ Р-Н ДОНЕЦЬКА ОБЛ.,47.5966,37.48347
14,1439,ВОЛОДАРСЬКИЙ Р-Н ДОНЕЦЬКА ОБЛ.,47.21138,37.33315
14,1440,КОСТЯНТИНІВСЬКИЙ Р-Н ДОНЕЦЬКА ОБЛ.,48.52617,37.70817
14,1441,КРАСНОАРМІЙСЬКИЙ Р-Н ДОНЕЦЬКА ОБЛ.,48.28008,37.18277
14,1442,М.КРАСНИЙ ЛИМАН ДОНЕЦЬКА ОБЛ.,48.99658,37.79546
14,1443,МАР'ЇНСЬКИЙ Р-Н ДОНЕЦЬКА ОБЛ.,47.9488,37.50842
14,1444,НОВОАЗОВСЬКИЙ Р-Н ДОНЕЦЬКА ОБЛ.,47.12393,38.08584
14,1445,СЛОВ'ЯНСЬКИЙ Р-Н ДОНЕЦЬКА ОБЛ.,48.83728,37.50388
14,1446,СТАРОБЕШІВСЬКИЙ Р-Н ДОНЕЦЬКА ОБЛ.,47.66263,38.08196
14,1447,ШАХТАРСЬКИЙ Р-Н ДОНЕЦЬКА ОБЛ.,48.1384,38.35527
14,1448,ЯСИНУВАТСЬКИЙ Р-Н ДОНЕЦЬКА ОБЛ.,48.12442,37.85007
14,1449,ДОБРОПІЛЬСЬКИЙ Р-Н ДОНЕЦЬКА ОБЛ.,48.46121,37.08289
14,1450,ТЕЛЬМАНІВСЬКИЙ Р-Н ДОНЕЦЬКА ОБЛ.,47.40877,38.02281
14,1451,ПЕРШОТРАВНЕВИЙ Р-Н ДОНЕЦЬКА ОБЛ.,48.58857,38.02561
14,1452,ВОРОШИЛІВСЬКИЙ Р-Н М.ДОНЕЦЬК,48.00203,37.81449
14,1453,ГІРНИЦЬКИЙ Р-Н М.МАКІЇВКА ДОН.ОБЛ.,50.66569,31.82761
14,1454,М.ЯСИНУВАТА ДОНЕЦЬКА ОБЛ.,48.12678,37.8586
14,1455,М.ДИМИТРОВ ДОНЕЦЬКА ОБЛ.,48.30845,37.25838
14,1456,БУДЬОНІВСЬКИЙ Р-Н М.ДОНЕЦЬК,48.00203,37.81449
14,1457,М.КІРОВСЬКЕ ДОНЕЦЬКА ОБЛ.,48.14951,38.35334
14,1458,М.АВДІЇВКА ДОНЕЦЬКА ОБЛ.,48.12772,37.75787
14,1459,М.ЖДАНІВКА ДОНЕЦЬКА ОБЛ.,48.15421,38.25584
14,1460,М.ВУГЛЕДАР ДОНЕЦЬКА ОБЛ.,47.77954,37.24996
14,1461,М.ДОКУЧАЄВСЬК ДОНЕЦЬКА ОБЛ.,47.75057,37.67167
14,1462,М.НОВОГРОДІВКА ДОНЕЦЬКА ОБЛ.,48.19928,37.33317
14,1464,НОВОАЗОВСЬКИЙ Р-Н_2 ДОНЕЦЬКА ОБЛ.,47.9641125,37.8254171
14,1465,ТЕЛЬМАНІВСЬКИЙ Р-Н_2 ДОНЕЦЬКА ОБЛ.,47.40877,38.02281
16,1601,КИЇВСЬКИЙ Р-Н М.ПОЛТАВА,49.79167,33.27492
16,1602,ЛЕНІНСЬКИЙ Р-Н М.ПОЛТАВА,45.25467,35.91834
16,1603,ОКТЯБРСЬКИЙ Р-Н  М.ПОЛТАВА,49.61146,34.6152
16,1604,АВТОЗАВОДCЬКИЙ Р-Н М.КРЕМЕНЧУК ПОЛТ.ОБЛ.,49.08892,33.41664
16,1605,ВЕЛИКОБАГАЧАНСЬКИЙ Р-Н ПОЛТАВ.ОБЛ.,49.28358,27.48168
16,1606,ГАДЯЦЬКИЙ Р-Н ПОЛТАВСЬКА ОБЛ.,50.36881,33.99194
16,1607,ГЛОБИНСЬКИЙ Р-Н ПОЛТАВСЬКА ОБЛ.,49.3788,33.27402
16,1608,ГРЕБІНКІВСЬКИЙ Р-Н ПОЛТАВСЬКА ОБЛ.,50.11605,32.43491
16,1609,ДИКАНСЬКИЙ Р-Н ПОЛТАВСЬКА ОБЛ.,49.82374,34.53859
16,1610,ЗІНЬКІВСЬКИЙ Р-Н ПОЛТАВСЬКА ОБЛ.,50.21179,34.35555
16,1611,КАРЛІВСЬКИЙ Р-Н ПОЛТАВСЬКА ОБЛ.,49.45519,35.1341
16,1612,КОБЕЛЯЦЬКИЙ Р-Н ПОЛТАВСЬКА ОБЛ.,49.15051,34.19957
16,1613,КОЗЕЛЬЩИНСЬКИЙ Р-Н ПОЛТАВСЬКА ОБЛ.,49.21151,33.84133
16,1614,КОТЕЛЕВСЬКИЙ Р-Н ПОЛТАВСЬКА ОБЛ.,50.0648,34.74855
16,1615,КРЕМЕНЧУЦЬКИЙ Р-Н ПОЛТАВСЬКА ОБЛ.,49.08484,33.4673
16,1616,ЛОХВИЦЬКИЙ Р-Н ПОЛТАВСЬКА ОБЛ.,50.35963,33.27294
16,1617,ЛУБЕНСЬКИЙ Р-Н ПОЛТАВСЬКА ОБЛ.,49.02029,33.43849
16,1618,МАШІВСЬКИЙ Р-Н ПОЛТАВСЬКА ОБЛ.,49.44369,34.877
16,1619,ПОЛТАВСЬКИЙ Р-Н ПОЛТАВСЬКА ОБЛ.,49.54781,34.51322
16,1620,НОВОСАНЖАРСЬКИЙ Р-Н ПОЛТАВ.ОБЛ.,49.28358,27.48168
16,1621,ОРЖИЦЬКИЙ Р-Н ПОЛТАВСЬКА ОБЛ.,49.78415,32.69611
16,1622,ПИРЯТИНСЬКИЙ Р-Н ПОЛТАВСЬКА ОБЛ.,50.2442,32.5108
16,1623,ЧУТІВСЬКИЙ Р-Н ПОЛТАВСЬКА ОБЛ.,49.70933,35.1553
16,1624,РЕШЕТИЛІВСЬКИЙ Р-Н ПОЛТАВСЬКА ОБЛ.,49.54795,34.06987
16,1625,СЕМЕНІВСЬКИЙ Р-Н ПОЛТАВСЬКА ОБЛ.,49.59438,33.17984
16,1626,ХОРОЛЬСЬКИЙ Р-Н ПОЛТАВСЬКА ОБЛ.,50.01082,33.01847
16,1627,ЧОРНУХИНСЬКИЙ Р-Н ПОЛТАВСЬКА ОБЛ.,50.26779,32.93381
16,1628,МИРГОРОДСЬКИЙ Р-Н ПОЛТАВСЬКА ОБЛ.,50.00263,33.32045
16,1629,ШИШАЦЬКИЙ Р-Н ПОЛТАВСЬКА ОБЛ.,49.88092,34.00007
16,1630,М.ЛУБНИ ПОЛТАВСЬКА ОБЛ.,50.01539,33.0015
16,1631,КРЮКІВСЬКИЙ Р-Н М.КРЕМЕНЧУК ПОЛТ.ОБЛ.,49.28358,27.48168
16,1632,М.МИРГОРОД ПОЛТАВСЬКА ОБЛ.,49.96472,33.60821
16,1633,М.КОМСОМОЛЬСЬК ПОЛТАВСЬКА ОБЛ.,49.00818,33.63242
18,1801,АНДРУШІВСЬКИЙ Р-Н ЖИТОМИРСЬКА ОБЛ.,50.02316,29.01718
18,1802,БАРАНІВСЬКИЙ Р-Н ЖИТОМИРСЬКА ОБЛ.,50.29543,27.66832
18,1803,БЕРДИЧІВСЬКИЙ Р-Н ЖИТОМИР. ОБЛ.,50.24603,28.68923
18,1804,ВОЛОДАРCЬКО-ВОЛИНСЬКИЙ Р-Н ЖИТ.ОБ.,50.24603,28.68923
18,1805,РОМАНІВСЬКИЙ Р-Н ЖИТОМИРСЬКА ОБЛ,50.1093,27.69455
18,1806,ЄМІЛЬЧИНСЬКИЙ Р-Н ЖИТОМИРСЬКА ОБЛ,50.87151,27.80084
18,1807,ЖИТОМИРСЬКИЙ Р-Н ЖИТОМИРСЬКА ОБЛ,50.21333,28.73061
18,1808,КОРОСТЕНСЬКИЙ Р-Н ЖИТОМИРСЬКА ОБЛ.,51.22152,27.6525
18,1809,КОРОСТИШІВСЬКИЙ Р-Н ЖИТОМИР.ОБЛ.,50.32807,29.05506
18,1810,ЛУГИНСЬКИЙ Р-Н ЖИТОМИРСЬКА ОБЛ.,51.07852,28.39687
18,1811,ЛЮБАРСЬКИЙ Р-Н ЖИТОМИРСЬКА ОБЛ.,50.00591,27.69462
18,1812,МАЛИНСЬКИЙ Р-Н ЖИТОМИРСЬКА ОБЛ.,50.7694,29.24042
18,1813,НАРОДИЦЬКИЙ Р-Н ЖИТОМИРСЬКА ОБЛ.,51.20299,29.08238
18,1814,НОВОГРАД-ВОЛИНСЬКИЙ Р-Н ЖИТОМИР.ОБЛ.,50.58982,27.61421
18,1815,ОВРУЦЬКИЙ Р-Н ЖИТОМИРСЬКА ОБЛ.,51.31978,28.79994
18,1816,ОЛЕВСЬКИЙ Р-Н ЖИТОМИРСЬКА ОБЛ.,51.22505,27.64738
18,1817,ПОПІЛЬНЯНСЬКИЙ Р-Н ЖИТОМИРСЬК.ОБЛ,49.94943,29.4571
18,1818,РАДОМИШЛЬСЬКИЙ Р-Н ЖИТОМИР.ОБЛ.,50.49593,29.22763
18,1819,РУЖИНСЬКИЙ Р-Н ЖИТОМИРСЬКА ОБЛ.,49.72123,29.20427
18,1820,ЧЕРВОНОАРМІЙСЬКИЙ Р-Н ЖИТОМИР.ОБЛ,50.46791,28.27412
18,1821,ЧЕРНЯХІВСЬКИЙ Р-Н ЖИТОМИРСЬКА ОБЛ.,50.45426,28.66015
18,1822,ЧУДНІВСЬКИЙ Р-Н ЖИТОМИРСЬКА ОБЛ.,50.05253,28.12204
18,1823,М.НОВОГРАД-ВОЛИНСЬКИЙ  ЖИТОМИР.ОБЛ,50.58982,27.61421
18,1824,М.БЕРДИЧІВ ЖИТОМИРСЬКА ОБЛ.,49.90036,28.58373
18,1825,М.КОРОСТЕНЬ ЖИТОМИРСЬКА ОБЛ.,50.94843,28.64237
18,1826,БОГУНСЬКИЙ Р-Н М.ЖИТОМИР,50.28361,28.62961
18,1827,КОРОЛЬОВСЬКИЙ Р-Н М.ЖИТОМИР,50.25355,28.66543
18,1828,БРУСИЛІВСЬКИЙ Р-Н ЖИТОМИРСЬКА ОБЛ.,50.28505,29.52753
18,1829,М.МАЛИН ЖИТОМИРСЬКА ОБЛ.,50.76814,29.24141
21,2101,М.МУКАЧЕВЕ ЗАКАРПАТСЬКА ОБЛ.,48.43942,22.72729
21,2102,ВЕЛИКОБЕРЕЗНЯНСЬКИЙ Р-Н ЗАК.ОБЛ.,48.90775,22.45842
21,2103,БЕРЕГІВСЬКИЙ Р-Н ЗАКАРПАТСЬКА ОБЛ.,48.24894,22.61189
21,2104,УЖГОРОДСЬКИЙ Р-Н ЗАКАРПАТСЬКА ОБЛ,48.579,22.3323
21,2105,ВОЛОВЕЦЬКИЙ Р-Н ЗАКАРПАТСЬКА ОБЛ.,48.71741,23.18447
21,2106,М.УЖГОРОД ЗАКАРПАТСЬКА ОБЛ.,48.62636,22.28514
21,2107,ІРШАВСЬКИЙ Р-Н ЗАКАРПАТСЬКА ОБЛ.,48.31176,23.03664
21,2108,МУКАЧІВСЬКИЙ Р-Н ЗАКАРПАТСЬКА ОБЛ.,48.47427,22.79656
21,2109,ВИНОГРАДІВСЬКИЙ Р-Н ЗАКАРПАТ. ОБЛ.,48.14203,23.04697
21,2110,ПЕРЕЧИНСЬКИЙ Р-Н ЗАКАРПАТСЬКА ОБЛ.,48.73391,22.46295
21,2111,СВАЛЯВСЬКИЙ Р-Н ЗАКАРПАТСЬКА ОБЛ.,48.54827,22.98222
21,2112,МІЖГІРСЬКИЙ Р-Н ЗАКАРПАТСЬКА ОБЛ.,48.53188,23.49829
21,2113,РАХІВСЬКИЙ Р-Н ЗАКАРПАТСЬКА ОБЛ.,48.05544,24.20588
21,2114,ТЯЧІВСЬКИЙ Р-Н ЗАКАРПАТСЬКА ОБЛ.,48.01452,23.5658
21,2115,ХУСТСЬКИЙ Р-Н ЗАКАРПАТСЬКА ОБЛ.,48.05354,23.41852
21,2116,М.ЧОП ЗАКАРПАТСЬКА ОБЛ.,48.43123,22.2104
21,2117,СМТ.ДУБОВЕ ТЯЧІВСЬКИЙ Р-Н ЗАКАРПАТ.ОБЛ.,48.19317,23.88815
21,2118,М.ХУСТ ЗАКАРПАТСЬКА ОБЛ.,48.17243,23.29547
21,2133,М.БЕРЕГОВО ЗАКАРПАТСЬКА ОБЛ.,48.20213,22.63776
23,2301,ЖОВТНЕВИЙ Р-Н М.ЗАПОРІЖЖЯ,47.82893,35.16255
23,2302,ШЕВЧЕНКІВСЬКИЙ Р-Н М.ЗАПОРІЖЖЯ,47.84498,35.217
23,2303,ЛЕНІНСЬКИЙ Р-Н М.ЗАПОРІЖЖЯ,47.80663,35.22274
23,2304,ОРДЖОНІКІДЗЕВСЬКИЙ Р-Н М.ЗАПОРІЖЖЯ,46.96662,35.0422
23,2305,ЯКИМІВСЬКИЙ Р-Н М.ЗАПОРІЖЖЯ,47.89438,35.13216
23,2306,М.БЕРДЯНСЬК ЗАПОРІЗЬКА ОБЛ.,46.75768,36.80379
23,2307,БЕРДЯНСЬКИЙ Р-Н ЗАПОРІЗЬКА ОБЛ.,46.75608,36.80358
23,2308,ВАСИЛІВСЬКИЙ Р-Н ЗАПОРІЗЬКА ОБЛ.,47.44198,35.28373
23,2309,ВЕСЕЛІВСЬКИЙ Р-Н ЗАПОРІЗЬКА ОБЛ.,47.01066,34.91948
23,2310,ГУЛЯЙПІЛЬСЬКИЙ Р-Н ЗАПОРІЗЬКА ОБЛ.,47.67088,36.26664
23,2311,ЗАПОРІЗЬКИЙ Р-Н ЗАПОРІЗЬКА ОБЛ.,47.7692,35.11864
23,2312,КАМ'ЯНСЬКО-ДНІПРОВСЬКИЙ Р-Н ЗАПОРІЗ.ОБЛ,47.49732,34.41318
23,2313,КУЙБИШЕВСЬКИЙ Р-Н ЗАПОРІЗЬКА ОБЛ,47.35847,36.65362
23,2314,М.МЕЛІТОПОЛЬ ЗАПОРІЗЬКА ОБЛ.,46.8485,35.37649
23,2315,МЕЛІТОПОЛЬСЬКИЙ Р-Н ЗАПОРІЗЬКА ОБЛ.,46.96805,35.40805
23,2316,МИХАЙЛІВСЬКИЙ Р-Н ЗАПОРІЗЬКА ОБЛ.,47.26921,35.22494
23,2317,ОРІХІВСЬКИЙ Р-Н ЗАПОРІЗЬКА ОБЛ.,47.64808,35.70208
23,2318,ПОЛОГІВСЬКИЙ Р-Н ЗАПОРІЗЬКА ОБЛ.,47.48221,36.25289
23,2319,ПРИАЗОВСЬКИЙ Р-Н ЗАПОРІЗЬКА ОБЛ.,46.72975,35.65002
23,2320,ПРИМОРСЬКИЙ Р-Н ЗАПОРІЗЬКА ОБЛ.,46.73467,36.34434
23,2321,М.ТОКМАК ЗАПОРІЗЬКА ОБЛ.,47.25887,35.70433
23,2322,ТОКМАЦЬКИЙ Р-Н ЗАПОРІЗЬКА ОБЛ.,47.24181,35.68265
23,2323,ВІЛЬНЯНСЬКИЙ Р-Н ЗАПОРІЗЬКА ОБЛ.,47.9456,35.44054
23,2324,ЧЕРНІГІВСЬКИЙ Р-Н ЗАПОРІЗЬКА ОБЛ.,47.19471,36.21027
23,2325,НОВОМИКОЛАЇВСЬКИЙ Р-Н ЗАПОРІЗЬКА ОБЛ.,47.97413,35.89843
23,2326,ЗАВОДСЬКИЙ Р-Н М.ЗАПОРІЖЖЯ,47.84686,35.13364
23,2327,КОМУНАРСЬКИЙ Р-Н М.ЗАПОРІЖЖЯ,47.82893,35.16255
23,2328,М.ЕНЕРГОДАР ЗАПОРІЗЬКА ОБЛ.,47.49123,34.662
23,2329,М.ДНІПРОРУДНЕ ЗАПОРІЗЬКА ОБЛ,47.38966,35.00083
23,2330,ХОРТИЦЬКИЙ Р-Н М.ЗАПОРІЖЖЯ,47.82505,35.02207
23,2331,РОЗІВСЬКИЙ Р-Н ЗАПОРІЗЬКА ОБЛ.,47.38738,37.07329
23,2332,ВЕЛИКОБІЛОЗЕРСЬКИЙ Р-Н ЗАПОРІЗ. ОБЛ,47.27673,34.6816
26,2601,БОГОРОДЧАНСЬКИЙ Р-Н ІВ-ФРАНК.ОБЛ.,48.81737,24.54782
26,2602,ВЕРХОВИНСЬКИЙ Р-Н ІВ-ФРАНКІВС.ОБЛ.,48.86567,24.59928
26,2603,ГАЛИЦЬКИЙ Р-Н ІВ-ФРАНКІВСЬКА ОБЛ.,48.92203,24.70921
26,2604,ГОРОДЕНКІВСЬКИЙ Р-Н ІВ-ФРАНК.ОБЛ.,48.67615,25.49333
26,2605,ДОЛИНСЬКИЙ Р-Н ІВ-ФРАНКІВСЬКА ОБЛ.,49.99879,36.30105
26,2606,КАЛУСЬКИЙ Р-Н ІВ-ФРАНКІВСЬКА ОБЛ.,49.03013,24.5333
26,2607,КОСІВСЬКИЙ Р-Н ІВ-ФРАНКІВСЬКА ОБЛ.,48.42777,25.50809
26,2608,КОЛОМИЙСЬКИЙ Р-Н ІВ-ФРАНКІВ.ОБЛ.,48.52185,25.09049
26,2609,НАДВІРНЯНСЬКИЙ Р-Н ІВ-ФРАНК.ОБЛ.,48.63524,24.57003
26,2610,РОЖНЯТІВСЬКИЙ Р-Н ІВ-ФРАНК.ОБЛ.,48.93593,24.15397
26,2611,РОГАТИНСЬКИЙ Р-Н ІВ-ФРАНКІВСЬКА ОБЛ,49.40792,24.61076
26,2612,СНЯТИНСЬКИЙ Р-Н ІВ-ФРАНКІВСЬКА ОБЛ.,48.44822,25.56136
26,2613,ТИСМЕНИЦЬКИЙ Р-Н ІВ-ФРАНКІВСЬКА ОБЛ,48.91265,24.75652
26,2614,ТЛУМАЦЬКИЙ Р-Н ІВ-ФРАНКІВСЬКА ОБЛ.,48.8625,25.00381
26,2615,М.ІВАНО-ФРАНКІВСЬК ІВ-ФРАНКІВСЬКА ОБЛ,49.02464,24.40306
26,2616,М.КОЛОМИЯ ІВ-ФРАНКІВСЬКА ОБЛ.,48.5255,25.03465
26,2617,М.КАЛУШ ІВАНО-ФРАНКІВСЬКА ОБЛ.,49.01209,24.37851
26,2618,М.ЯРЕМЧА ІВАНО-ФРАНКІВСЬКА ОБЛ.,48.45059,24.55464
26,2619,М.БОЛЕХІВ ІВАНО-ФРАНКІВСЬКА ОБЛ.,49.07162,23.85299
26,2620,М.БУРШТИН ІВАНО-ФРАНКІВСЬКА ОБЛ.,49.25886,24.63328
30,3001,ГОЛОСІЇВСЬКИЙ Р-Н М.КИЇВ,50.40646,30.51885
30,3002,ДАРНИЦЬКИЙ Р-Н М.КИЇВ,50.46236,30.61341
30,3003,ДЕСНЯНСЬКИЙ Р-Н М.КИЇВ,50.52995,30.70426
30,3004,ДНІПРОВСЬКИЙ Р-Н М.КИЇВ,50.44016,30.55763
30,3005,ОБОЛОНЬСЬКИЙ Р-Н М.КИЇВ,50.51054,30.49807
30,3006,ПЕЧЕРСЬКИЙ Р-Н М.КИЇВ,50.43634,30.53718
30,3007,ПОДІЛЬСЬКИЙ Р-Н М.КИЇВ,50.47787,30.47711
30,3008,СВЯТОШИНСЬКИЙ Р-Н М.КИЇВ,50.44877,30.38637
30,3009,СОЛОМ'ЯНСЬКИЙ Р-Н М.КИЇВ,50.42743,30.46383
30,3010,ШЕВЧЕНКІВСЬКИЙ Р-Н М.КИЇВ,50.46397,30.47972
32,3216,М.БУЧА КИЇВСЬКА ОБЛ.,50.552,30.21474
32,3217,ПОЛІСЬКИЙ Р-Н КИЇВСЬКА ОБЛ.,51.24114,29.38501
32,3219,М.СЛАВУТИЧ КИЇВСЬКА ОБЛ.,51.52146,30.74678
32,3220,ЗГУРІВСЬКИЙ Р-Н КИЇВСЬКА ОБЛ.,50.49899,31.77467
32,3221,БАРИШЕВСЬКИЙ Р-Н КИЇВСЬКА ОБЛ.,50.24595,31.51229
32,3222,БІЛОЦЕРКІВСЬКИЙ Р-Н КИЇВСЬКА ОБЛ.,49.96237,31.05566
32,3223,ФАСТІВСЬКИЙ Р-Н КИЇВСЬКА ОБЛ.,50.05556,30.17684
32,3224,БОГУСЛАВСЬКИЙ Р-Н КИЇВСЬКА ОБЛ.,49.38593,30.78114
32,3225,БОРИСПІЛЬСЬКИЙ Р-Н КИЇВСЬКА ОБЛ.,50.34903,30.95536
32,3226,БОРОДЯНСЬКИЙ Р-Н КИЇВСЬКА ОБЛ.,50.64778,29.94588
32,3227,БРОВАРСЬКИЙ Р-Н КИЇВСЬКА ОБЛ.,50.54541,30.82154
32,3228,ВОЛОДАРСЬКИЙ Р-Н КИЇВСЬКА ОБЛ.,49.53569,29.90411
32,3230,ІВАНКІВСЬКИЙ Р-Н КИЇВСЬКА ОБЛ.,50.94108,29.90788
32,3231,КАГАРЛИЦЬКИЙ Р-Н КИЇВСЬКА ОБЛ.,49.86496,30.82403
32,3232,М.ФАСТІВ КИЇВСЬКА ОБЛ.,50.07468,29.9157
32,3233,МАКАРІВСЬКИЙ Р-Н КИЇВСЬКА ОБЛ.,50.46134,29.81155
32,3234,МИРОНІВСЬКИЙ Р-Н КИЇВСЬКА ОБЛ.,49.6574,30.98187
32,3235,ОБУХІВСЬКИЙ Р-Н КИЇВСЬКА ОБЛ.,50.10631,30.6256
32,3236,ПЕРЕЯСЛАВ-ХМЕЛЬНИЦЬКИЙ Р-Н КИЇВ.ОБЛ,50.07,31.46076
32,3237,М.ВАСИЛЬКІВ КИЇВСЬКА ОБЛ.,50.18215,30.31203
32,3238,РОКИТНЯНСЬКИЙ Р-Н КИЇВСЬКА ОБЛ.,49.67762,30.47542
32,3239,ВАСИЛЬКІВСЬКИЙ Р-Н КИЇВСЬКА ОБЛ.,50.1614,30.33761
32,3240,ВИШГОРОДСЬКИЙ Р-Н КИЇВСЬКА ОБЛ.,50.58701,30.497
32,3241,СКВИРСЬКИЙ Р-Н КИЇВСЬКА ОБЛ.,49.69081,29.76145
32,3242,СТАВИЩЕНСЬКИЙ Р-Н КИЇВСЬКА ОБЛ.,49.38395,30.19287
32,3243,ТАРАЩАНСЬКИЙ Р-Н КИЇВСЬКА ОБЛ.,49.56088,30.50654
32,3244,КИЄВО-СВЯТОШИНСЬКИЙ Р-Н КИЇВ.ОБЛ.,50.44877,30.38637
32,3245,ТЕТІЇВСЬКИЙ Р-Н КИЇВСЬКА ОБЛ.,49.36991,29.67228
32,3246,М.РЖИЩІВ КИЇВСЬКА ОБЛ.,49.97028,31.04324
32,3247,ЯГОТИНСЬКИЙ Р-Н КИЇВСЬКА ОБЛ.,50.27732,31.76283
32,3248,М.БІЛА ЦЕРКВА КИЇВСЬКА ОБЛ.,49.80071,30.12255
32,3249,М.БОРИСПІЛЬ КИЇВСЬКА ОБЛ.,50.35162,30.95076
32,3250,М.БРОВАРИ КИЇВСЬКА ОБЛ.,50.50223,30.77405
32,3251,М.ІРПІНЬ КИЇВСЬКА ОБЛ.,50.5186,30.2395
32,3252,М.ПЕРЕЯСЛАВ-ХМЕЛЬНИЦЬКИЙ КИЇВ.ОБЛ.,50.07,31.46076
32,3253,М.БЕРЕЗАНЬ КИЇВСЬКА ОБЛ.,50.3144,31.46979
32,3255,М.ОБУХІВ КИЇВСЬКА ОБЛ.,50.11005,30.62652
35,3501,М.СВІТЛОВОДСЬК КІРОВОГРАДСЬКА ОБЛ.,49.06339,33.24559
35,3502,СВІТЛОВОДСЬКИЙ Р-Н КІРОВОГРАД.ОБЛ.,48.99207,33.26502
35,3503,КІРОВОГРАДСЬКИЙ-1 Р-Н КІРОВОГРАД.ОБЛ,48.71342,32.65646
35,3504,ЛЕНІНСЬКИЙ Р-Н М.КІРОВОГРАД,48.50855,32.26559
35,3505,М.ОЛЕКСАНДРІЯ КІРОВОГРАДСЬКА ОБЛ.,48.67448,33.1161
35,3506,ОЛЕКСАНДРІЙСЬКИЙ Р-Н КІРОВОГРАД.ОБЛ.,48.50844,32.28464
35,3507,ЗНАМ'ЯНСЬКИЙ Р-Н КІРОВОГРАД.ОБЛ.,48.78906,32.72676
35,3508,БОБРИНЕЦЬКИЙ Р-Н КІРОВОГРАД.ОБЛ.,48.48964,32.26756
35,3509,ГАЙВОРОНСЬКИЙ Р-Н КІРОВОГРАД.ОБЛ.,48.34235,29.86696
35,3510,ДОБРОВЕЛИЧКІВСЬКИЙ Р-Н КІРОВОГР.ОБЛ.,49.28358,27.48168
35,3511,ДОЛИНСЬКИЙ Р-Н КІРОВОГРАДСЬКА ОБЛ.,48.11691,32.7717
35,3512,МАЛОВИСЬКІВСЬКИЙ Р-Н КІРОВОГР.ОБЛ.,49.28358,27.48168
35,3513,НОВОМИРГОРОДСЬКИЙ Р-Н КІРОВОГР.ОБЛ.,49.28358,27.48168
35,3514,НОВОУКРАЇНСЬКИЙ Р-Н КІРОВОГРАД.ОБЛ,48.32192,31.52621
35,3515,УЛЬЯНОВСЬКИЙ Р-Н КІРОВОГРАД.ОБЛ.,48.49881,32.29409
35,3516,ГОЛОВАНІВСЬКИЙ Р-Н КІРОВОГРАД.ОБЛ.,48.3794,30.45596
35,3517,КОМПАНІЇВСЬКИЙ Р-Н КІРОВОГРАД.ОБЛ.,48.48928,32.27146
35,3518,НОВОАРХАНГЕЛЬСЬКИЙ Р-Н КІРОВОГРАД.ОБЛ.,48.66917,30.82303
35,3519,ПЕТРІВСЬКИЙ Р-Н КІРОВОГРАДСЬК.ОБЛ.,48.33614,33.26714
35,3520,ОЛЕКСАНДРІВСЬКИЙ Р-Н КІРОВОГРАД.ОБЛ.,48.50844,32.28464
35,3521,НОВГОРОДКІВСЬКИЙ Р-Н КІРОВОГРАД.ОБЛ.,48.36111,32.66236
35,3522,ВІЛЬШАНСЬКИЙ Р-Н КІРОВОГРАДСЬК.ОБЛ.,48.24093,30.88117
35,3523,УСТИНІВСЬКИЙ Р-Н КІРОВОГРАД. ОБЛ.,47.95625,32.53878
35,3524,ОНУФРІЇВСЬКИЙ Р-Н КІРОВОГРАД.ОБЛ.,48.90302,33.4476
35,3525,КІРОВСЬКИЙ Р-Н М.КІРОВОГРАД,48.32616,31.52659
35,3528,М.ЗНАМ'ЯНКА КІРОВОГРАДСЬКА ОБЛ.,48.72029,32.65811
40,4054,НАХИМІВСЬКИЙ Р-Н М.СЕВАСТОПОЛЬ,44.63288,33.54122
40,4055,НАХИМІВСЬКИЙ Р-Н(ПІВНІЧНА)М.СЕВАСТОП.,44.63288,33.54122
40,4056,БАЛАКЛАВСЬКИЙ Р-Н М.СЕВАСТОПОЛЬ,44.52646,33.54061
40,4057,ЛЕНІНСЬКИЙ Р-Н М.СЕВАСТОПОЛЬ,44.60252,33.51281
40,4058,ГАГАРІНСЬКИЙ Р-Н М.СЕВАСТОПОЛЬ,44.5884,33.47986
43,4301,СОВЄТСЬКИЙ Р-Н АР КРИМ,45.34415,34.92409
43,4302,НИЖНЬОГІРСЬКИЙ Р-Н АР КРИМ,45.44551,34.74293
43,4303,КІРОВСЬКИЙ Р-Н АР КРИМ,45.02912,35.091
43,4304,ДЖАНКОЙСЬКИЙ Р-Н АР КРИМ,48.77571,38.62855
43,4305,БІЛОГІРСЬКИЙ Р-Н АР КРИМ,48.77571,38.62855
43,4306,М.ДЖАНКОЙ АР КРИМ,45.72434,34.41037
43,4307,ЗАЛІЗНИЧНИЙ Р-Н М.СІМФЕРОПОЛЬ АР КРИМ,44.95755,34.10829
43,4308,СІМФЕРОПОЛЬСЬКИЙ Р-Н АР КРИМ,48.77571,38.62855
43,4309,М.ФЕОДОСІЯ АР КРИМ,45.03245,35.3813
43,4310,М.КЕРЧ АР КРИМ,45.36195,36.47027
43,4313,ЛЕНІНСЬКИЙ Р-Н ПГТ ЛЕНІНО АР КРИМ,45.36195,36.47027
43,4314,БАХЧИСАРАЙСЬКИЙ Р-Н АР КРИМ,48.77571,38.62855
43,4315,КРАСНОГВАРДІЙСЬКИЙ Р-Н АР КРИМ,50.76861,38.46849
43,4316,М.ЄВПАТОРІЯ АР КРИМ,45.20985,33.35948
43,4317,ЧОРНОМОРСЬКИЙ Р-Н АР КРИМ,45.20985,33.35948
43,4318,РОЗДОЛЬНЕНСЬКИЙ Р-Н АР КРИМ,48.77571,38.62855
43,4319,ПЕРВОМАЙСЬКИЙ Р-Н АР КРИМ,49.39711,36.22261
43,4320,КРАСНОПЕРЕКОПСЬКИЙ Р-Н АР КРИМ,48.77571,38.62855
43,4321,САКСЬКИЙ Р-Н АР КРИМ,48.77571,38.62855
43,4322,М.АЛУШТА АР КРИМ,44.67452,34.40271
43,4323,М.ЯЛТА АР КРИМ,44.50231,34.15694
43,4324,М.КРАСНОПЕРЕКОПСЬК АР КРИМ,45.96197,33.78069
43,4325,М.СІМФЕРОПОЛЬ АР КРИМ,44.96987,34.08273
43,4326,КИЇВСЬКИЙ Р-Н М.СІМФЕРОПОЛЬ АР КРИМ,44.95755,34.10829
43,4327,М.САКИ АР КРИМ,45.13883,33.6006
43,4328,М.СУДАК АР КРИМ,44.86052,34.97032
43,4329,СМТ АРМЯНСЬК АР КРИМ,46.1077,33.69137
48,4801,ЦЕНТРАЛЬНИЙ Р-Н М.МИКОЛАЇВ,46.96584,32.00766
48,4802,ЛЕНІНСЬКИЙ Р-Н М.МИКОЛАЇВ,46.97336,31.98522
48,4803,ЗАВОДСЬКИЙ Р-Н М.МИКОЛАЇВ,46.95004,32.00104
48,4804,КОРАБЕЛЬНИЙ Р-Н М.МИКОЛАЇВ,47.00361,31.99892
48,4805,М.ПЕРВОМАЙСЬК МИКОЛАЇВСЬКА ОБЛ.,48.04504,30.84766
48,4806,М.ВОЗНЕСЕНСЬК МИКОЛАЇВСЬКА ОБЛ.,47.56218,31.33436
48,4807,М.ЮЖНОУКРАЇНСЬК МИКОЛАЇВСЬКА ОБЛ,47.82905,31.17546
48,4808,АРБУЗИНСЬКИЙ Р-Н МИКОЛАЇВСЬКА ОБЛ.,47.90369,31.30771
48,4809,БАШТАНСЬКИЙ Р-Н МИКОЛАЇВСЬКА ОБЛ.,46.96281,32.05574
48,4810,БЕРЕЗАНСЬКИЙ Р-Н МИКОЛАЇВСЬКА ОБЛ.,46.99913,31.95007
48,4811,БЕРЕЗНЕГУВАТСЬКИЙ Р-Н МИКОЛАЇВ.ОБЛ.,47.30419,32.85344
48,4812,БРАТСЬКИЙ Р-Н МИКОЛАЇВСЬКА ОБЛ.,47.86472,31.57359
48,4813,ВЕСЕЛИНІВСЬКИЙ Р-Н МИКОЛАЇВ.ОБЛ.,46.99257,31.94351
48,4814,ВОЗНЕСЕНСЬКИЙ Р-Н МИКОЛАЇВ.ОБЛ.,47.57341,31.29523
48,4815,ВРАДІЇВСЬКИЙ Р-Н МИКОЛАЇВСЬКА ОБЛ.,47.86446,30.58843
48,4816,ДОМАНІВСЬКИЙ Р-Н МИКОЛАЇВСЬКА ОБЛ.,47.63144,30.98787
48,4817,ЄЛАНЕЦЬКИЙ Р-Н МИКОЛАЇВСЬКА ОБЛ.,47.68196,31.85012
48,4818,ЖОВТНЕВИЙ Р-Н МИКОЛАЇВСЬКА ОБЛ.,47.01317,32.14663
48,4819,КАЗАНКІВСЬКИЙ Р-Н МИКОЛАЇВСЬКА ОБЛ.,47.82353,32.83044
48,4820,КРИВООЗЕРСЬКИЙ Р-Н МИКОЛАЇВ. ОБЛ.,47.94976,30.34662
48,4821,МИКОЛАЇВСЬКИЙ Р-Н МИКОЛАЇВСЬКА ОБЛ,46.87905,31.77511
48,4822,НОВОБУЗЬКИЙ Р-Н МИКОЛАЇВСЬКА ОБЛ.,47.69003,32.51529
48,4823,НОВООДЕСЬКИЙ Р-Н МИКОЛАЇВСЬКА ОБЛ.,47.30314,31.7853
48,4824,ОЧАКІВСЬКИЙ Р-Н МИКОЛАЇВСЬКА ОБЛ.,46.61466,31.54712
48,4825,СНІГУРІВСЬКИЙ Р-Н МИКОЛАЇВСЬКА ОБЛ.,47.07318,32.82081
48,4826,ПЕРВОМАЙСЬКИЙ Р-Н МИКОЛАЇВ. ОБЛ.,46.96785,32.07034
48,4827,М.ОЧАКІВ МИКОЛАЇВСЬКА ОБЛ.,46.6138,31.54396
51,5102,ЦЕНТРАЛЬНИЙ Р-Н М.ОДЕСА,46.57073,30.7677
51,5105,ПРИМОРСЬКИЙ Р-Н М.ОДЕСА,46.48799,30.74117
51,5106,КИЇВСЬКИЙ Р-Н М.ОДЕСА,45.37155,28.83335
51,5107,М.ІЗМАЇЛ ОДЕСЬКА ОБЛ.,45.34237,28.83655
51,5108,ІЗМАЇЛЬСЬКИЙ Р-Н ОДЕСЬКА ОБЛ.,45.34142,28.80481
51,5109,М.КОТОВСЬК ОДЕСЬКА ОБЛ.,47.74958,29.53245
51,5110,КОТОВСЬКИЙ Р-Н ОДЕСЬКА ОБЛ.,47.73347,29.67141
51,5111,М.БІЛГОРОД-ДНІСТРОВСЬКИЙ ОДЕСЬКА ОБЛ.,46.19234,30.34736
51,5112,БІЛГОРОД-ДНІСТРОВСЬКИЙ Р-Н ОДЕС.ОБЛ.,46.19234,30.34736
51,5113,АНАНЬЇВСЬКИЙ Р-Н ОДЕСЬКА ОБЛ.,47.72162,29.95729
51,5114,АРЦИЗСЬКИЙ Р-Н ОДЕСЬКА ОБЛ.,45.98588,29.43263
51,5115,БАЛТСЬКИЙ Р-Н ОДЕСЬКА ОБЛ.,47.94275,29.62141
51,5116,БІЛЯЇВСЬКИЙ Р-Н ОДЕСЬКА ОБЛ.,46.48215,30.20282
51,5117,БЕРЕЗІВСЬКИЙ Р-Н ОДЕСЬКА ОБЛ.,47.20152,30.90851
51,5118,БОЛГРАДСЬКИЙ Р-Н ОДЕСЬКА ОБЛ.,45.35001,28.82467
51,5119,ВЕЛИКОМИХАЙЛІВСЬКИЙ Р-Н ОДЕС.ОБЛ.,47.07681,29.85215
51,5120,ІВАНІВСЬКИЙ Р-Н ОДЕСЬКА ОБЛ.,46.97639,30.46965
51,5121,КІЛІЙСЬКИЙ Р-Н ОДЕСЬКА ОБЛ.,45.44088,29.26545
51,5122,КОМІНТЕРНІВСЬКИЙ Р-Н ОДЕСЬКА ОБЛ.,46.82626,30.95288
51,5123,КОДИМСЬКИЙ Р-Н ОДЕСЬКА ОБЛ.,48.087,29.13086
51,5124,КРАСНООКНЯНСЬКИЙ Р-Н ОДЕСЬКА ОБЛ.,47.53802,29.46343
51,5125,ОВІДІОПОЛЬСЬКИЙ Р-Н ОДЕСЬКА ОБЛ.,46.25897,30.42288
51,5126,ЛЮБАШІВСЬКИЙ Р-Н ОДЕСЬКА ОБЛ.,47.83317,30.25398
51,5127,МИКОЛАЇВСЬКИЙ Р-Н ОДЕСЬКА ОБЛ.,47.53842,30.76027
51,5128,РОЗДІЛЬНЯНСЬКИЙ Р-Н ОДЕСЬКА ОБЛ.,46.85386,30.07431
51,5129,РЕНІЙСЬКИЙ Р-Н ОДЕСЬКА ОБЛ.,45.46469,28.26608
51,5130,САВРАНСЬКИЙ Р-Н ОДЕСЬКА ОБЛ.,48.131,30.07328
51,5131,САРАТСЬКИЙ Р-Н ОДЕСЬКА ОБЛ.,46.01708,29.68514
51,5132,ТАРУТИНСЬКИЙ Р-Н ОДЕСЬКА ОБЛ.,46.16728,29.16316
51,5133,ТАТАРБУНАРСЬКИЙ Р-Н ОДЕСЬКА ОБЛ.,45.8244,29.60286
51,5134,ФРУНЗІВСЬКИЙ Р-Н ОДЕСЬКА ОБЛ.,47.33127,29.75464
51,5135,ШИРЯЇВСЬКИЙ Р-Н ОДЕСЬКА ОБЛ.,47.38023,30.19174
51,5136,М.ІЛЛІЧІВСЬК ОДЕСЬКА ОБЛ.,46.30657,30.6563
51,5137,МАЛИНІВСЬКИЙ Р-Н М.ОДЕСА,46.4725,30.73712
51,5138,СУВОРОВСЬКИЙ Р-Н М.ОДЕСА,46.48179,30.75642
51,5139,М.ЮЖНЕ ОДЕСЬКА ОБЛ.,46.62631,31.10089
51,5141,М.ТЕПЛОДАР ОДЕСЬКА ОБЛ.,46.506,30.32046
56,5601,БЕРЕЗНІВСЬКИЙ Р-Н РІВНЕНСЬКА ОБЛ.,51.00668,26.7543
56,5602,ВОЛОДИМИРЕЦЬКИЙ Р-Н РІВНЕНСЬК.ОБЛ.,51.42195,26.14267
56,5603,ГОЩАНСЬКИЙ Р-Н РІВНЕНСЬКА ОБЛ.,50.60506,26.68355
56,5604,М.ДУБНО РІВНЕНСЬКА ОБЛ.,50.38634,25.74249
56,5605,ДУБРОВИЦЬКИЙ Р-Н РІВНЕНСЬКА ОБЛ.,51.57104,26.56114
56,5606,ЗАРІЧНЕНСЬКИЙ Р-Н РІВНЕНСЬКА ОБЛ.,51.81396,26.13159
56,5607,ЗДОЛБУНІВСЬКИЙ Р-Н РІВНЕНСЬКА ОБЛ.,50.51141,26.25279
56,5608,КОРЕЦЬКИЙ Р-Н РІВНЕНСЬКА ОБЛ.,50.99025,26.76124
56,5609,КОСТОПІЛЬСЬКИЙ Р-Н РІВНЕНСЬКА ОБЛ.,50.87571,26.45464
56,5610,МЛИНІВСЬКИЙ Р-Н РІВНЕНСЬКА ОБЛ.,50.423,25.71779
56,5611,РОКИТНІВСЬКИЙ Р-Н РІВНЕНСЬКА ОБЛ.,51.26669,27.22114
56,5612,М.РІВНЕ РІВНЕНСЬКА ОБЛ.,50.61927,26.25131
56,5613,ОСТРОЗЬКИЙ Р-Н РІВНЕНСЬКА ОБЛ.,50.34156,26.52608
56,5614,САРНЕНСЬКИЙ Р-Н РІВНЕНСЬКА ОБЛ.,51.32781,26.61021
56,5615,РАДИВИЛІВСЬКИЙ Р-Н РІВНЕНСЬКА ОБЛ.,50.12788,25.24789
56,5616,РІВНЕНСЬКИЙ Р-Н РІВНЕНСЬКА ОБЛ.,50.66821,25.88796
56,5617,ДУБЕНСЬКИЙ Р-Н РІВНЕНСЬКА ОБЛ.,50.38634,25.74249
56,5618,М.КУЗНЕЦОВСЬК РІВНЕНСЬКА ОБЛ.,51.34215,25.85977
56,5619,ДЕМИДІВСЬКИЙ Р-Н РІВНЕНСЬКА ОБЛ.,50.42913,25.33847
56,5620,М.ОСТРОГ РІВНЕНСЬКА ОБЛ.,50.32782,26.51846
59,5901,БІЛОПІЛЬСЬКИЙ Р-Н СУМСЬКА ОБЛ.,51.13931,34.28956
59,5902,БУРИНСЬКИЙ Р-Н СУМСЬКА ОБЛ.,51.20165,33.85048
59,5903,ВЕЛИКОПИСАРІВСЬКИЙ Р-Н СУМСЬКА ОБЛ.,50.41499,35.48236
59,5904,ГЛУХІВСЬКИЙ Р-Н СУМСЬКА ОБЛ.,51.56772,34.12789
59,5905,КОНОТОПСЬКИЙ Р-Н СУМСЬКА ОБЛ.,51.20506,33.17651
59,5906,КРОЛЕВЕЦЬКИЙ Р-Н СУМСЬКА ОБЛ.,51.54871,33.38629
59,5907,КРАСНОПІЛЬСЬКИЙ Р-Н СУМСЬКА ОБЛ.,50.76715,35.26896
59,5908,ЛЕБЕДИНСЬКИЙ Р-Н СУМСЬКА ОБЛ.,50.31857,34.88997
59,5909,ЛИПОВОДОЛИНСЬКИЙ Р-Н СУМСЬКА ОБЛ,50.56473,33.78907
59,5910,НЕДРИГАЙЛІВСЬКИЙ Р-Н СУМСЬКА ОБЛ.,50.98492,33.96201
59,5911,ОХТИРСЬКИЙ Р-Н СУМСЬКА ОБЛ.,50.31158,34.91132
59,5912,ПУТИВЛЬСЬКИЙ Р-Н СУМСЬКА ОБЛ.,51.33915,33.88067
59,5913,РОМЕНСЬКИЙ Р-Н СУМСЬКА ОБЛ.,50.74053,33.52514
59,5914,СЕРЕДИНО-БУДСЬКИЙ Р-Н СУМСЬКА ОБЛ,52.18685,34.03011
59,5916,ТРОСТЯНЕЦЬКИЙ Р-Н СУМСЬКА ОБЛ.,50.47283,34.9611
59,5917,ШОСТКИНСЬКИЙ Р-Н СУМСЬКА ОБЛ.,51.76116,33.79537
59,5918,ЯМПІЛЬСЬКИЙ Р-Н СУМСЬКА ОБЛ.,51.9505,33.77792
59,5919,М.КОНОТОП СУМСЬКА ОБЛ.,51.23808,33.20883
59,5920,М.ОХТИРКА СУМСЬКА ОБЛ.,50.30406,34.89291
59,5921,М.РОМНИ СУМСЬКА ОБЛ.,50.75014,33.48158
59,5922,М.ШОСТКА СУМСЬКА ОБЛ.,51.86172,33.4714
59,5923,ЗАРІЧНИЙ Р-Н М.СУМИ,51.6754,33.90007
59,5924,КОВПАКІВСЬКИЙ Р-Н М.СУМИ,50.90796,34.79724
59,5925,М.ГЛУХІВ СУМСЬКА ОБЛ.,51.67565,33.91339
59,5926,М.ЛЕБЕДИН СУМСЬКА ОБЛ.,50.58332,34.48238
59,5933,СУМСЬКИЙ Р-Н СУМСЬКА ОБЛ.,50.80144,34.86571
61,6101,БЕРЕЖАНСЬКИЙ Р-Н ТЕРНОПІЛЬСЬКА ОБЛ.,49.44591,24.93557
61,6102,БОРЩІВСЬКИЙ Р-Н ТЕРНОПІЛЬСЬКА ОБЛ.,48.80621,26.02407
61,6103,БУЧАЦЬКИЙ Р-Н ТЕРНОПІЛЬСЬКА ОБЛ.,49.06276,25.39594
61,6104,ГУСЯТИНСЬКИЙ Р-Н ТЕРНОПІЛЬСЬКА ОБЛ.,49.07125,26.20698
61,6105,ЗАЛІЩИЦЬКИЙ Р-Н ТЕРНОПІЛЬСЬКА ОБЛ.,48.64048,25.73286
61,6106,ЗБАРАЗЬКИЙ Р-Н ТЕРНОПІЛЬСЬКА ОБЛ.,49.66481,25.77501
61,6107,ЗБОРІВСЬКИЙ Р-Н ТЕРНОПІЛЬСЬКА ОБЛ.,49.66752,25.1331
61,6108,КОЗІВСЬКИЙ Р-Н ТЕРНОПІЛЬСЬКА ОБЛ.,49.43467,25.14717
61,6109,КРЕМЕНЕЦЬКИЙ Р-Н ТЕРНОПІЛЬСЬКА ОБЛ.,50.10032,25.72815
61,6110,ЛАНОВЕЦЬКИЙ Р-Н ТЕРНОПІЛЬСЬКА ОБЛ.,49.86277,26.0888
61,6111,МОНАСТИРИСЬКИЙ Р-Н ТЕРНОПІЛЬСЬКА ОБЛ.,49.09058,25.16771
61,6112,ПІДВОЛОЧИСЬКИЙ Р-Н ТЕРНОПІЛЬСЬКА ОБЛ.,49.52174,26.13718
61,6113,ТЕРЕБОВЛЯНСЬКИЙ Р-Н ТЕРНОПІЛЬ.ОБЛ.,49.29924,25.69162
61,6114,ТЕРНОПІЛЬСЬКИЙ Р-Н ТЕРНОПІЛЬСЬКА ОБЛ.,49.43788,25.95805
61,6115,ЧОРТКІВСЬКИЙ Р-Н ТЕРНОПІЛЬСЬКА ОБЛ.,49.00633,25.76979
61,6116,ШУМСЬКИЙ Р-Н ТЕРНОПІЛЬСЬКА ОБЛ.,50.11822,26.1162
61,6117,М.ТЕРНОПІЛЬ ТЕРНОПІЛЬСЬКА ОБЛ.,49.55275,25.58888
61,6118,ПІДГАЄЦЬКИЙ Р-Н ТЕРНОПІЛЬСЬКА ОБЛ.,49.26791,25.12602
61,6119,М.ЧОРТКІВ ТЕРНОПІЛЬСЬКА ОБЛ.,49.01936,25.79623
61,6120,М.КРЕМЕНЕЦЬ ТЕРНОПІЛЬСЬКА ОБЛ.,50.09894,25.72777
63,6301,БАЛАКЛІЙСЬКИЙ Р-Н ХАРКІВСЬКА ОБЛ.,49.46801,36.79861
63,6302,БАРВІНКІВСЬКИЙ Р-Н ХАРКІВСЬКА ОБЛ.,49.98644,36.31023
63,6303,БЛИЗНЮКІВСЬКИЙ Р-Н ХАРКІВСЬКА ОБЛ.,48.85221,36.55356
63,6304,БОГОДУХІВСЬКИЙ Р-Н ХАРКІВСЬКА ОБЛ.,50.1637,35.52365
63,6305,БОРІВСЬКИЙ Р-Н ХАРКІВСЬКА ОБЛ.,49.37967,37.62166
63,6306,ВАЛКІВСЬКИЙ Р-Н ХАРКІВСЬКА ОБЛ.,49.83991,35.61932
63,6307,ВЕЛИКОБУРЛУЦЬКИЙ Р-Н ХАРКІВСЬКА ОБЛ.,50.05678,37.37912
63,6308,ВОВЧАНСЬКИЙ Р-Н ХАРКІВСЬКА ОБЛ.,50.28319,36.94219
63,6309,ЗМІЇВСЬКИЙ Р-Н ХАРКІВСЬКА ОБЛ.,49.67959,36.35454
63,6310,ДВОРІЧАНСЬКИЙ Р-Н ХАРКІВСЬКА ОБЛ.,49.85181,37.67648
63,6311,ДЕРГАЧІВСЬКИЙ Р-Н ХАРКІВСЬКА ОБЛ.,50.09436,36.13328
63,6312,ЗАЧЕПИЛІВСЬКИЙ Р-Н ХАРКІВСЬКА ОБЛ.,49.18889,35.2424
63,6313,ЗОЛОЧІВСЬКИЙ Р-Н ХАРКІВСЬКА ОБЛ.,50.27426,35.97469
63,6314,ІЗЮМСЬКИЙ Р-Н ХАРКІВСЬКА ОБЛ.,49.19376,37.27864
63,6315,КЕГИЧІВСЬКИЙ Р-Н ХАРКІВСЬКА ОБЛ.,49.29642,35.75445
63,6316,КРАСНОГРАДСЬКИЙ Р-Н ХАРКІВСЬКА ОБЛ.,49.37549,35.44677
63,6317,КРАСНОКУТСЬКИЙ Р-Н ХАРКІВСЬКА ОБЛ.,49.98118,36.23446
63,6318,КУП'ЯНСЬКИЙ Р-Н ХАРКІВСЬКА ОБЛ.,49.70159,37.60038
63,6319,ЛОЗІВСЬКИЙ Р-Н ХАРКІВСЬКА ОБЛ.,48.88397,36.3223
63,6320,НОВОВОДОЛАЗЬКИЙ Р-Н ХАРКІВСЬКА ОБЛ.,49.71795,35.85916
63,6321,ПЕРВОМАЙСЬКИЙ Р-Н ХАРКІВСЬКА ОБЛ.,49.39711,36.22261
63,6322,САХНОВЩИНСЬКИЙ Р-Н ХАРКІВСЬКА ОБЛ.,49.14392,35.86001
63,6323,ЧУГУЇВСЬКИЙ Р-Н ХАРКІВСЬКА ОБЛ,49.84497,36.69484
63,6324,ХАРКІВСЬКИЙ Р-Н ХАРКІВСЬКА ОБЛ.,49.90655,36.49611
63,6325,ШЕВЧЕНКІВСЬКИЙ Р-Н ХАРКІВСЬКА ОБЛ.,49.6959,37.1789
63,6326,ДЗЕРЖИНСЬКИЙ Р-Н М.ХАРКІВ,48.04773,39.44019
63,6327,КИЇВСЬКИЙ Р-Н М.ХАРКІВ,48.89427,37.01474
63,6328,КОМІНТЕРНІВСЬКИЙ Р-Н М.ХАРКІВ,49.95124,36.08811
63,6329,ЛЕНІНСЬКИЙ Р-Н М.ХАРКІВ,48.89978,37.0697
63,6330,МОСКОВСЬКИЙ 1 Р-Н М.ХАРКІВ,49.8659,36.06508
63,6331,ОКТЯБРЬСЬКИЙ Р-Н М.ХАРКІВ,49.9218,36.24291
63,6332,ОРДЖОНІКІДЗЕВСЬКИЙ Р-Н М.ХАРКІВ,49.89817,36.11511
63,6333,ЧЕРВОНОЗАВОДСЬКИЙ Р-Н М.ХАРКІВ,50.16358,37.33444
63,6334,ФРУНЗЕНСЬКИЙ Р-Н М.ХАРКІВ,50.019,36.44545
63,6335,ПЕЧЕНІЗЬКИЙ Р-Н ХАРКІВСЬКА ОБЛ.,49.86526,36.9343
63,6336,КОЛОМАЦЬКИЙ Р-Н ХАРКІВСЬКА ОБЛ.,49.83944,35.29573
63,6337,М.ІЗЮМ ХАРКІВСЬКА ОБЛ.,49.19168,37.27944
63,6338,М.КУП'ЯНСЬК ХАРКІВСЬКА ОБЛ.,49.70497,37.60161
63,6339,М.ЛОЗОВА ХАРКІВСЬКА ОБЛ.,48.88482,36.317
63,6340,М.ЧУГУЇВ ХАРКІВСЬКА ОБЛ.,49.84482,36.691
63,6341,М.ПЕРВОМАЙСЬК ХАРКІВСЬКА ОБЛ.,49.41163,36.74785
63,6342,ЛЮБОТИНСЬКИЙ Р-Н ХАРКІВСЬКА ОБЛ.,49.99839,36.29722
63,6343,МОСКОВСЬКИЙ 2 Р-Н М.ХАРКІВ,49.82806,36.03789
63,6344,М.МЕРЕФА ХАРКІВСЬКА ОБЛ.,49.82595,36.06205
65,6501,ІВАНІВСЬКИЙ Р-Н ХЕРСОНСЬКА ОБЛ.,46.71635,34.54455
65,6502,ГОРНОСТАЇВСЬКИЙ Р-Н ХЕРСОНСЬКА ОБЛ.,47.00379,33.73646
65,6503,ВЕЛИКООЛЕКСАНДРІВСЬКИЙ Р-Н ХЕРСОН.О,47.32,33.2938
65,6504,НОВОВОРОНЦОВСЬКИЙ Р-Н ХЕРСОН.ОБЛ.,47.50481,33.92608
65,6505,М.КАХОВКА ХЕРСОНСЬКА ОБЛ.,46.81231,33.48545
65,6506,ВИСОКОПІЛЬСЬКИЙ Р-Н ХЕРСОНСЬК.ОБЛ.,47.48854,33.52999
65,6507,ГЕНІЧЕСЬКИЙ Р-Н ХЕРСОНСЬКА ОБЛ.,46.42132,34.95214
65,6508,М.НОВА КАХОВКА ХЕРСОНСЬКА ОБЛ.,46.75165,33.35346
65,6509,НИЖНЬОСІРОГОЗЬКИЙ Р-Н ХЕРСОН.ОБЛ.,46.84526,34.37573
65,6510,БІЛОЗЕРСЬКИЙ Р-Н ХЕРСОНСЬКА ОБЛ.,46.62596,32.44366
65,6511,СКАДОВСЬКИЙ Р-Н ХЕРСОНСЬКА ОБЛ.,46.12013,32.90843
65,6512,ЦЮРУПИНСЬКИЙ Р-Н ХЕРСОНСЬКА ОБЛ.,46.59958,32.72511
65,6513,ГОЛОПРИСТАНСЬКИЙ Р-Н ХЕРСОН.ОБЛ.,46.52824,32.55908
65,6514,ЧАПЛИНСЬКИЙ Р-Н ХЕРСОНСЬКА ОБЛ.,46.36268,33.54295
65,6515,КАХОВСЬКИЙ Р-Н ХЕРСОНСЬКА ОБЛ.,46.81307,33.49318
65,6516,ВЕРХНЬОРОГАЧИЦЬКИЙ Р-Н ХЕРСОНСЬКА ОБЛ.,47.25112,34.33781
65,6517,БЕРИСЛАВСЬКИЙ Р-Н ХЕРСОНСЬКА ОБЛ.,46.84041,33.42671
65,6518,ВЕЛИКОЛЕПЕТИСЬКИЙ Р-Н ХЕРСОНСЬКА ОБЛ.,47.16968,33.92989
65,6519,НОВОТРОЇЦЬКИЙ Р-Н ХЕРСОНСЬКА ОБЛ.,46.37447,34.32943
65,6520,КАЛАНЧАЦЬКИЙ Р-Н ХЕРСОНСЬКА ОБЛ.,46.25038,33.30225
65,6521,КОМСОМОЛЬСЬКИЙ Р-Н М.ХЕРСОН,46.17681,34.81338
65,6522,ДНІПРОВСЬКИЙ Р-Н М.ХЕРСОН,46.6577,32.6354
10,1000,МІНСОЦПОЛІТИКИ,50.4387831,30.5190618